,万
B00002,丌
B00003,丏
B00004,冇
B00005,与
B00006,丮
B00007,丱
B00008,丰
B00009,乂
B00010,乜
B00011,亍
B00012,亓
B00013,亢
B00014,亳
B00015,亶
B00016,亹
B00017,仂
B00018,仉
B00019,仨
B00020,仜
B00021,仩
B00022,仡
B00023,仝
B00024,伎
B00025,优
B00026,伬
B00027,仵
B00028,伔
B00029,伋
B00030,仱
B00031,伀
B00032,价
B00033,佖
B00034,伻
B00035,佢
B00036,佉
B00037,体
B00038,佤
B00039,伾
B00040,佈
B00041,佧
B00042,佒
B00043,佚
B00044,佟
B00045,佁
B00046,佘
B00047,侘
B00048,佼
B00049,侅
B00050,佽
B00051,侀
B00052,侇
B00053,佶
B00054,佴
B00055,侉
B00056,侑
B00057,侄
B00058,佷
B00059,佌
B00060,侗
B00061,佪
B00062,侚
B00063,佹
B00064,侁
B00065,佸
B00066,侐
B00067,侜
B00068,佺
B00069,侔
B00070,侞
B00071,俍
B00072,俅
B00073,俓
B00074,侲
B00075,俉
B00076,侷
B00077,俋
B00078,俁
B00079,俔
B00080,俜
B00081,俙
B00082,侻
B00083,侳
B00084,俛
B00085,俇
B00086,倞
B00087,倅
B00088,倇
B00089,倓
B00090,倢
B00091,倰
B00092,倛
B00093,俵
B00094,俴
B00095,倳
B00096,倷
B00097,倬
B00098,俶
B00099,俷
B00100,倗
B00101,倜
B00102,倠
B00103,偯
B00104,偰
B00105,偪
B00106,偡
B00107,偞
B00108,偠
B00109,偭
B00110,偓
B00111,偋
B00112,偝
B00113,偲
B00114,偈
B00115,偍
B00116,偁
B00117,偛
B00118,偊
B00119,偢
B00120,倕
B00121,偅
B00122,偟
B00123,偩
B00124,偫
B00125,傛
B00126,傚
B00127,傕
B00128,傔
B00129,傞
B00130,傋
B00131,傣
B00132,傃
B00133,傌
B00134,傎
B00135,傝
B00136,偨
B00137,傜
B00138,傒
B00139,傂
B00140,傽
B00141,傿
B00142,僆
B00143,傮
B00144,僄
B00145,僊
B00146,傴
B00147,僇
B00148,僈
B00149,僂
B00150,傰
B00151,僁
B00152,傺
B00153,傱
B00154,僋
B00155,僉
B00156,僦
B00157,僔
B00158,僗
B00159,僨
B00160,僳
B00161,僛
B00162,僪
B00163,僎
B00164,僝
B00165,僤
B00166,僓
B00167,僩
B00168,僬
B00169,僰
B00170,僿
B00171,儃
B00172,儰
B00173,僸
B00174,儆
B00175,儇
B00176,僶
B00177,僾
B00178,儋
B00179,儌
B00180,僽
B00181,儜
B00182,儕
B00183,儓
B00184,儗
B00185,儚
B00186,儑
B00187,儦
B00188,儥
B00189,儢
B00190,儤
B00191,儠
B00192,儱
B00193,儴
B00194,儵
B00195,儳
B00196,儺
B00197,儸
B00198,儹
B00199,儻
B00200,儽
B00201,党
B00202,冏
B00203,冔
B00204,冓
B00205,冘
B00206,冞
B00207,冪
B00208,冱
B00209,冼
B00210,凊
B00211,凄
B00212,凅
B00213,凔
B00214,凘
B00215,刌
B00216,刉
B00217,刓
B00218,刖
B00219,刜
B00220,刞
B00221,刵
B00222,刲
B00223,刳
B00224,剆
B00225,刱
B00226,剄
B00227,剉
B00228,剡
B00229,剚
B00230,剒
B00231,剞
B00232,剟
B00233,剕
B00234,剫
B00235,剭
B00236,剬
B00237,剺
B00238,剸
B00239,剻
B00240,剼
B00241,劂
B00242,劀
B00243,劋
B00244,劁
B00245,劌
B00246,劊
B00247,劓
B00248,劖
B00249,劘
B00250,劗
B00251,劙
B00252,劦
B00253,劭
B00254,劼
B00255,勍
B00256,勖
B00257,勣
B00258,勩
B00259,勰
B00260,勱
B00261,勴
B00262,勺
B00263,匊
B00264,匜
B00265,匢
B00266,匭
B00267,匰
B00268,匴
B00269,匷
B00270,匼
B00271,匽
B00272,卌
B00273,卍
B00274,卣
B00275,卬
B00276,卼
B00277,厂
B00278,厎
B00279,厒
B00280,厗
B00281,厖
B00282,厞
B00283,厜
B00284,厤
B00285,厬
B00286,厹
B00287,叄
B00288,叡
B00289,叻
B00290,吰
B00291,吷
B00292,吪
B00293,呔
B00294,听
B00295,咇
B00296,呿
B00297,咁
B00298,咑
B00299,咂
B00300,咈
B00301,呫
B00302,呺
B00303,呾
B00304,呥
B00305,呬
B00306,呴
B00307,呦
B00308,咍
B00309,咩
B00310,咺
B00311,咡
B00312,咭
B00313,咥
B00314,咧
B00315,哏
B00316,哃
B00317,茍
B00318,咷
B00319,咮
B00320,哖
B00321,咶
B00322,哅
B00323,哆
B00324,咿
B00325,咠
B00326,呰
B00327,咼
B00328,咢
B00329,唦
B00330,唇
B00331,哢
B00332,唗
B00333,唒
B00334,哧
B00335,哳
B00336,哽
B00337,哤
B00338,唚
B00339,哿
B00340,唄
B00341,唈
B00342,哫
B00343,唏
B00344,唑
B00345,唅
B00346,啵
B00347,啶
B00348,唼
B00349,啍
B00350,啐
B00351,唴
B00352,唪
B00353,啑
B00354,啢
B00355,唶
B00356,唵
B00357,唰
B00358,啒
B00359,啅
B00360,啁
B00361,啗
B00362,唌
B00363,唲
B00364,啥
B00365,啎
B00366,喑
B00367,喨
B00368,喥
B00369,喭
B00370,啷
B00371,噅
B00372,喢
B00373,喫
B00374,喓
B00375,喈
B00376,喏
B00377,喵
B00378,喁
B00379,喙
B00380,喣
B00381,喒
B00382,喤
B00383,啽
B00384,喌
B00385,喦
B00386,嗃
B00387,嗛
B00388,嗌
B00389,嗐
B00390,嗉
B00391,嗋
B00392,嗊
B00393,嗝
B00394,嗀
B00395,嗔
B00396,嗄
B00397,嗩
B00398,喿
B00399,嗒
B00400,喍
B00401,嗏
B00402,嗕
B00403,嗢
B00404,嗖
B00405,嗈
B00406,嗲
B00407,嘧
B00408,嘕
B00409,嘌
B00410,嘒
B00411,嗼
B00412,嘏
B00413,嘜
B00414,嘁
B00415,嘐
B00416,嘓
B00417,嗶
B00418,嘂
B00419,嗺
B00420,嘝
B00421,嘄
B00422,嗿
B00423,噈
B00424,噂
B00425,噌
B00426,嘵
B00427,噁
B00428,噊
B00429,噉
B00430,噆
B00431,噘
B00432,噚
B00433,噀
B00434,嘳
B00435,嘽
B00436,嘬
B00437,嘾
B00438,嘸
B00439,噍
B00440,噰
B00441,噠
B00442,噶
B00443,噮
B00444,噳
B00445,噦
B00446,噣
B00447,噭
B00448,噲
B00449,噞
B00450,嚓
B00451,嚌
B00452,嚍
B00453,嚆
B00454,嚄
B00455,嚃
B00456,嚘
B00457,嚜
B00458,嚗
B00459,嚚
B00460,嚫
B00461,嚭
B00462,嚦
B00463,嚧
B00464,嚪
B00465,嚬
B00466,嚲
B00467,嚵
B00468,嚳
B00469,囃
B00470,嚽
B00471,嚾
B00472,囆
B00473,囅
B00474,囋
B00475,囓
B00476,囍
B00477,囔
B00478,囗
B00479,囝
B00480,囡
B00481,囟
B00482,囫
B00483,囮
B00484,囧
B00485,囷
B00486,囹
B00487,囿
B00488,圁
B00489,圄
B00490,圂
B00491,圊
B00492,圉
B00493,圇
B00494,圌
B00495,圜
B00496,圞
B00497,圠
B00498,圩
B00499,圮
B00500,坁
B00501,圻
B00502,坅
B00503,坌
B00504,坯
B00505,坲
B00506,坭
B00507,坫
B00508,坱
B00509,坰
B00510,坶
B00511,垀
B00512,坵
B00513,坻
B00514,坳
B00515,坴
B00516,垵
B00517,垞
B00518,垓
B00519,垟
B00520,垤
B00521,垌
B00522,垗
B00523,垝
B00524,垛
B00525,垔
B00526,垘
B00527,埌
B00528,堲
B00529,埕
B00530,埒
B00531,垺
B00532,埆
B00533,垽
B00534,垼
B00535,埻
B00536,堔
B00537,埢
B00538,埶
B00539,埜
B00540,埴
B00541,堀
B00542,埭
B00543,埽
B00544,堈
B00545,埸
B00546,堋
B00547,埳
B00548,埏
B00549,堇
B00550,堩
B00551,堷
B00552,堙
B00553,堞
B00554,堧
B00555,堝
B00556,堣
B00557,堨
B00558,埵
B00559,堠
B00560,塈
B00561,堥
B00562,塓
B00563,塨
B00564,塤
B00565,塒
B00566,塏
B00567,塍
B00568,塉
B00569,塯
B00570,塕
B00571,塋
B00572,墉
B00573,塼
B00574,墐
B00575,墘
B00576,墆
B00577,墁
B00578,塿
B00579,塴
B00580,墋
B00581,塺
B00582,墩
B00583,墫
B00584,墝
B00585,墱
B00586,墠
B00587,墣
B00588,墦
B00589,墯
B00590,墬
B00591,壈
B00592,墽
B00593,壖
B00594,壎
B00595,壚
B00596,壝
B00597,壛
B00598,壴
B00599,壼
B00600,壾
B00601,壿
B00602,夃
B00603,夆
B00604,夌
B00605,复
B00606,夎
B00607,夒
B00608,夗
B00609,夬
B00610,夯
B00611,奅
B00612,奓
B00613,奊
B00614,奡
B00615,奫
B00616,奭
B00617,奰
B00618,奲
B00619,妀
B00620,奼
B00621,妦
B00622,妘
B00623,妠
B00624,妗
B00625,妎
B00626,妢
B00627,妐
B00628,妵
B00629,妺
B00630,姏
B00631,姎
B00632,妲
B00633,姌
B00634,姁
B00635,㚷
B00636,姡
B00637,姞
B00638,姮
B00639,娀
B00640,姱
B00641,姝
B00642,姺
B00643,姽
B00644,姼
B00645,姶
B00646,姤
B00647,娙
B00648,娖
B00649,娉
B00650,娭
B00651,婠
B00652,婘
B00653,婕
B00654,婧
B00655,婞
B00656,娸
B00657,娵
B00658,婭
B00659,婐
B00660,婟
B00661,婥
B00662,婬
B00663,婓
B00664,婤
B00665,婗
B00666,媯
B00667,媔
B00668,媟
B00669,婺
B00670,媢
B00671,媞
B00672,婸
B00673,媦
B00674,媧
B00675,婼
B00676,媥
B00677,媬
B00678,媕
B00679,媮
B00680,娷
B00681,嫇
B00682,嫄
B00683,嫋
B00684,媺
B00685,媸
B00686,媱
B00687,媵
B00688,媰
B00689,媿
B00690,嫈
B00691,媻
B00692,嫜
B00693,嫮
B00694,嫥
B00695,嫕
B00696,嫪
B00697,嫚
B00698,嫭
B00699,嫫
B00700,嫳
B00701,嫢
B00702,嫠
B00703,嫛
B00704,嫿
B00705,嬈
B00706,嫴
B00707,嫽
B00708,嫷
B00709,嫶
B00710,嬃
B00711,嬗
B00712,嬙
B00713,嬛
B00714,嬡
B00715,嬔
B00716,嬓
B00717,嬐
B00718,嬖
B00719,嬭
B00720,嬥
B00721,嬲
B00722,嬽
B00723,嬾
B00724,嬿
B00725,孃
B00726,孅
B00727,孈
B00728,孋
B00729,孌
B00730,孛
B00731,孢
B00732,孥
B00733,孬
B00734,屘
B00735,孲
B00736,孷
B00737,宁
B00738,宄
B00739,宎
B00740,宓
B00741,宕
B00742,宨
B00743,宧
B00744,寁
B00745,寀
B00746,寪
B00747,寍
B00748,寋
B00749,寔
B00750,寑
B00751,寖
B00752,寘
B00753,寙
B00754,寠
B00755,寰
B00756,寱
B00757,尃
B00758,尌
B00759,尐
B00760,尔
B00761,尒
B00762,尟
B00763,尨
B00764,尪
B00765,尰
B00766,尳
B00767,尻
B00768,屄
B00769,屌
B00770,屖
B00771,屔
B00772,屙
B00773,屝
B00774,屣
B00775,屧
B00776,屨
B00777,屩
B00778,屭
B00779,屮
B00780,屴
B00781,屼
B00782,屺
B00783,岍
B00784,岏
B00785,岈
B00786,岋
B00787,岉
B00788,岒
B00789,岊
B00790,岮
B00791,岤
B00792,岠
B00793,岵
B00794,岯
B00795,岨
B00796,岬
B00797,岟
B00798,岣
B00799,岭
B00800,岢
B00801,岪
B00802,岧
B00803,岝
B00804,峐
B00805,峘
B00806,峌
B00807,峒
B00808,峗
B00809,峋
B00810,峛
B00811,峞
B00812,峚
B00813,峉
B00814,峇
B00815,峊
B00816,峬
B00817,峴
B00818,峿
B00819,峮
B00820,峱
B00821,峷
B00822,崞
B00823,崋
B00824,崝
B00825,崚
B00826,崠
B00827,崌
B00828,崨
B00829,崍
B00830,崦
B00831,崤
B00832,崥
B00833,崏
B00834,崰
B00835,崒
B00836,崧
B00837,崗
B00838,崣
B00839,崟
B00840,崷
B00841,嵃
B00842,嵫
B00843,嵁
B00844,嵋
B00845,崿
B00846,崵
B00847,嵑
B00848,嵎
B00849,嵕
B00850,崳
B00851,崺
B00852,崴
B00853,嵒
B00854,崽
B00855,崱
B00856,嵙
B00857,嵇
B00858,嵂
B00859,嵯
B00860,嵱
B00861,嵣
B00862,嵊
B00863,嵥
B00864,嵲
B00865,嵬
B00866,嵞
B00867,嶂
B00868,嶀
B00869,嵽
B00870,嶆
B00871,嵺
B00872,嶁
B00873,嵷
B00874,嶊
B00875,嶉
B00876,嶈
B00877,嵾
B00878,嶙
B00879,嶗
B00880,嶟
B00881,嶒
B00882,嶢
B00883,嶓
B00884,嶕
B00885,嶠
B00886,嶜
B00887,嶡
B00888,嶚
B00889,嶞
B00890,嶔
B00891,嶬
B00892,嶱
B00893,嶩
B00894,嶧
B00895,嶵
B00896,嶰
B00897,嶮
B00898,嶪
B00899,嶨
B00900,嶲
B00901,嶭
B00902,嶸
B00903,嶷
B00904,巀
B00905,巃
B00906,巆
B00907,巇
B00908,巉
B00909,巏
B00910,巋
B00911,巕
B00912,巑
B00913,巘
B00914,巟
B00915,巰
B00916,巹
B00917,巿
B00918,帊
B00919,帗
B00920,帔
B00921,帙
B00922,帡
B00923,帢
B00924,帟
B00925,帣
B00926,帠
B00927,帤
B00928,帩
B00929,帨
B00930,帾
B00931,帴
B00932,幄
B00933,幃
B00934,幏
B00935,幎
B00936,幘
B00937,幙
B00938,幓
B00939,幩
B00940,幝
B00941,幡
B00942,幠
B00943,幧
B00944,幨
B00945,幦
B00946,幬
B00947,幪
B00948,幭
B00949,幰
B00950,幵
B00951,庀
B00952,庂
B00953,庋
B00954,庉
B00955,庌
B00956,庈
B00957,庰
B00958,庤
B00959,庢
B00960,庛
B00961,庣
B00962,庥
B00963,庨
B00964,庮
B00965,庪
B00966,庬
B00967,庱
B00968,庴
B00969,庹
B00970,庲
B00971,庳
B00972,廄
B00973,廅
B00974,廌
B00975,廆
B00976,廋
B00977,廇
B00978,廘
B00979,廑
B00980,廗
B00981,廎
B00982,廜
B00983,廕
B00984,廙
B00985,緳
B00986,廛
B00987,廞
B00988,廡
B00989,廩
B00990,廧
B00991,廦
B00992,廨
B00993,廥
B00994,廮
B00995,廯
B00996,廱
B00997,蠯
B00998,廾
B00999,异
B01000,弅
B01001,弇
B01002,弋
B01003,弚
B01004,弝
B01005,弨
B01006,弢
B01007,弣
B01008,弤
B01009,弮
B01010,弳
B01011,弶
B01012,弸
B01013,彀
B01014,彄
B01015,彃
B01016,彉
B01017,彊
B01018,彋
B01019,彏
B01020,彔
B01021,彖
B01022,彘
B01023,彧
B01024,彯
B01025,彳
B01026,彴
B01027,彸
B01028,徂
B01029,彾
B01030,徉
B01031,徠
B01032,徛
B01033,徜
B01034,徦
B01035,徥
B01036,徯
B01037,徭
B01038,徲
B01039,徼
B01040,徾
B01041,徿
B01042,忀
B01043,忁
B01044,忉
B01045,忔
B01046,忕
B01047,忒
B01048,忑
B01049,忐
B01050,忭
B01051,忨
B01052,忮
B01053,忳
B01054,忸
B01055,忡
B01056,忤
B01057,忣
B01058,忺
B01059,忯
B01060,忪
B01061,忷
B01062,忻
B01063,忞
B01064,忥
B01065,怭
B01066,怦
B01067,怙
B01068,怲
B01069,怋
B01070,怴
B01071,怩
B01072,怫
B01073,怊
B01074,怗
B01075,怳
B01076,怛
B01077,怚
B01078,怞
B01079,怬
B01080,怢
B01081,怍
B01082,怐
B01083,怮
B01084,怓
B01085,怷
B01086,怹
B01087,恔
B01088,恲
B01089,恞
B01090,恅
B01091,恓
B01092,恇
B01093,恉
B01094,恛
B01095,恌
B01096,恀
B01097,恂
B01098,恟
B01099,恝
B01100,恚
B01101,恧
B01102,恁
B01103,悢
B01104,悈
B01105,悀
B01106,悒
B01107,悁
B01108,悝
B01109,悃
B01110,悕
B01111,悛
B01112,悗
B01113,悇
B01114,悊
B01115,悐
B01116,悆
B01117,惇
B01118,悾
B01119,悰
B01120,悺
B01121,惓
B01122,惔
B01123,惏
B01124,惤
B01125,惙
B01126,惝
B01127,惈
B01128,悱
B01129,惛
B01130,悷
B01131,惉
B01132,悹
B01133,惌
B01134,惢
B01135,惎
B01136,惄
B01137,愔
B01138,惲
B01139,愊
B01140,愖
B01141,愅
B01142,惵
B01143,愓
B01144,愒
B01145,惸
B01146,惼
B01147,惾
B01148,惷
B01149,愍
B01150,愆
B01151,慉
B01152,慊
B01153,愫
B01154,慅
B01155,愶
B01156,愲
B01157,愷
B01158,愮
B01159,慆
B01160,愯
B01161,愬
B01162,愨
B01163,慁
B01164,慞
B01165,慵
B01166,慱
B01167,慳
B01168,慒
B01169,慓
B01170,慲
B01171,慬
B01172,憀
B01173,慴
B01174,慔
B01175,慺
B01176,慛
B01177,慥
B01178,憋
B01179,憃
B01180,慹
B01181,憱
B01182,憰
B01183,憢
B01184,憉
B01185,憛
B01186,憓
B01187,憯
B01188,憭
B01189,憟
B01190,憒
B01191,憪
B01192,憡
B01193,憍
B01194,憮
B01195,憝
B01196,憨
B01197,憖
B01198,懅
B01199,憴
B01200,懆
B01201,懁
B01202,懌
B01203,憺
B01204,憿
B01205,憸
B01206,懃
B01207,懋
B01208,憵
B01209,憼
B01210,懧
B01211,懠
B01212,懥
B01213,懤
B01214,懨
B01215,懞
B01216,懘
B01217,懟
B01218,懭
B01219,懮
B01220,懱
B01221,懪
B01222,懰
B01223,懫
B01224,懻
B01225,懽
B01226,戁
B01227,戃
B01228,戄
B01229,戇
B01230,戉
B01231,戔
B01232,戠
B01233,酨
B01234,戣
B01235,戥
B01236,戩
B01237,戧
B01238,戭
B01239,戺
B01240,戽
B01241,扂
B01242,扃
B01243,扆
B01244,扊
B01245,扑
B01246,扐
B01247,扜
B01248,扞
B01249,扤
B01250,扡
B01251,扦
B01252,扢
B01253,抃
B01254,抆
B01255,抌
B01256,抎
B01257,抏
B01258,抔
B01259,抇
B01260,扱
B01261,扻
B01262,扺
B01263,抭
B01264,抴
B01265,拑
B01266,抾
B01267,抪
B01268,抶
B01269,拊
B01270,抮
B01271,拏
B01272,挍
B01273,挂
B01274,挋
B01275,拵
B01276,挎
B01277,挃
B01278,拫
B01279,拹
B01280,挏
B01281,挌
B01282,拸
B01283,拶
B01284,挀
B01285,拲
B01286,挐
B01287,捖
B01288,挬
B01289,捄
B01290,捅
B01291,挶
B01292,捃
B01293,揤
B01294,捍
B01295,捌
B01296,挹
B01297,捋
B01298,捊
B01299,挼
B01300,挩
B01301,捁
B01302,挴
B01303,捘
B01304,捔
B01305,挲
B01306,捥
B01307,掊
B01308,掂
B01309,捽
B01310,掽
B01311,掞
B01312,掭
B01313,掝
B01314,掗
B01315,掫
B01316,捺
B01317,掎
B01318,捯
B01319,掇
B01320,掐
B01321,据
B01322,掯
B01323,捵
B01324,掜
B01325,捭
B01326,掮
B01327,捼
B01328,掤
B01329,挻
B01330,掰
B01331,掔
B01332,掱
B01333,揎
B01334,揥
B01335,揨
B01336,揯
B01337,揃
B01338,撝
B01339,揳
B01340,揊
B01341,揠
B01342,揶
B01343,揕
B01344,揲
B01345,揵
B01346,摡
B01347,揟
B01348,揹
B01349,掾
B01350,揝
B01351,揜
B01352,揄
B01353,揘
B01354,揅
B01355,揱
B01356,揫
B01357,搐
B01358,搒
B01359,搉
B01360,搠
B01361,搤
B01362,搳
B01363,搆
B01364,摃
B01365,搟
B01366,搕
B01367,搘
B01368,搹
B01369,搷
B01370,搢
B01371,搣
B01372,搌
B01373,搦
B01374,搰
B01375,搨
B01376,摁
B01377,搵
B01378,搯
B01379,搊
B01380,搚
B01381,摀
B01382,搥
B01383,搧
B01384,搋
B01385,搴
B01386,搫
B01387,摍
B01388,摛
B01389,摭
B01390,摝
B01391,摴
B01392,摶
B01393,摲
B01394,摳
B01395,摽
B01396,摵
B01397,摦
B01398,撦
B01399,摎
B01400,撂
B01401,摞
B01402,摜
B01403,摋
B01404,摻
B01405,摓
B01406,摠
B01407,摐
B01408,摿
B01409,摮
B01410,摰
B01411,撙
B01412,撢
B01413,撖
B01414,撠
B01415,撅
B01416,撗
B01417,撜
B01418,撏
B01419,撋
B01420,撊
B01421,撌
B01422,撣
B01423,撳
B01424,撟
B01425,擗
B01426,擖
B01427,擐
B01428,擏
B01429,擉
B01430,撾
B01431,撽
B01432,擯
B01433,擩
B01434,擣
B01435,擫
B01436,擢
B01437,擭
B01438,擤
B01439,擨
B01440,擿
B01441,擷
B01442,攄
B01443,擽
B01444,擸
B01445,攇
B01446,攐
B01447,攍
B01448,攉
B01449,攌
B01450,攗
B01451,攖
B01452,攕
B01453,攓
B01454,攛
B01455,攡
B01456,攠
B01457,攦
B01458,攢
B01459,攩
B01460,攭
B01461,攮
B01462,攲
B01463,攳
B01464,攷
B01465,攸
B01466,攽
B01467,敁
B01468,敉
B01469,敊
B01470,敆
B01471,敕
B01472,敔
B01473,敓
B01474,敧
B01475,敪
B01476,敤
B01477,敜
B01478,敯
B01479,敳
B01480,敶
B01481,敺
B01482,敹
B01483,敻
B01484,敿
B01485,斁
B01486,斀
B01487,斄
B01488,斌
B01489,斒
B01490,斔
B01491,斕
B01492,斖
B01493,斛
B01494,斝
B01495,斞
B01496,斠
B01497,斨
B01498,斪
B01499,斮
B01500,斲
B01501,斶
B01502,斻
B01503,斿
B01504,旆
B01505,旃
B01506,旄
B01507,旂
B01508,旍
B01509,旐
B01510,旒
B01511,旓
B01512,旚
B01513,旛
B01514,旞
B01515,旝
B01516,旟
B01517,旯
B01518,旮
B01519,旰
B01520,旴
B01521,旳
B01522,昉
B01523,旼
B01524,昄
B01525,昒
B01526,昕
B01527,昈
B01528,旻
B01529,昊
B01530,昃
B01531,昇
B01532,昶
B01533,昡
B01534,昲
B01535,昵
B01536,昜
B01537,昦
B01538,昢
B01539,昳
B01540,昫
B01541,昱
B01542,昺
B01543,昝
B01544,昴
B01545,晅
B01546,晊
B01547,晟
B01548,晇
B01549,晁
B01550,晥
B01551,晡
B01552,晛
B01553,晙
B01554,晞
B01555,晜
B01556,晢
B01557,晼
B01558,晾
B01559,晬
B01560,晻
B01561,暀
B01562,晷
B01563,暄
B01564,暆
B01565,暌
B01566,暕
B01567,暐
B01568,暘
B01569,暍
B01570,暋
B01571,暝
B01572,暡
B01573,暠
B01574,暵
B01575,暱
B01576,暰
B01577,暩
B01578,曈
B01579,暾
B01580,曀
B01581,曊
B01582,曄
B01583,曋
B01584,曇
B01585,曏
B01586,曒
B01587,曜
B01588,曚
B01589,曛
B01590,曨
B01591,曣
B01592,曩
B01593,曭
B01594,曮
B01595,曶
B01596,朁
B01597,朅
B01598,朄
B01599,朏
B01600,朐
B01601,朒
B01602,朓
B01603,朘
B01604,朢
B01605,朣
B01606,朾
B01607,朹
B01608,朸
B01609,朻
B01610,机
B01611,朿
B01612,朼
B01613,杆
B01614,杅
B01615,杇
B01616,杠
B01617,杙
B01618,杕
B01619,杌
B01620,杈
B01621,杝
B01622,杓
B01623,杗
B01624,枓
B01625,枅
B01626,杬
B01627,枎
B01628,枒
B01629,杶
B01630,杼
B01631,杻
B01632,杪
B01633,枘
B01634,枆
B01635,构
B01636,杴
B01637,枍
B01638,枌
B01639,杲
B01640,柁
B01641,柲
B01642,柈
B01643,枰
B01644,枺
B01645,柜
B01646,枻
B01647,柸
B01648,柘
B01649,柀
B01650,枷
B01651,柅
B01652,柫
B01653,柤
B01654,柟
B01655,枵
B01656,柙
B01657,柍
B01658,枳
B01659,柷
B01660,柶
B01661,柮
B01662,柣
B01663,柂
B01664,枹
B01665,柎
B01666,柢
B01667,柝
B01668,柧
B01669,柒
B01670,柰
B01671,枲
B01672,栟
B01673,栚
B01674,桉
B01675,栲
B01676,栳
B01677,栻
B01678,桋
B01679,桏
B01680,栖
B01681,栱
B01682,栜
B01683,栵
B01684,栫
B01685,栭
B01686,栯
B01687,桎
B01688,桄
B01689,栴
B01690,栝
B01691,栘
B01692,栒
B01693,桁
B01694,栔
B01695,梡
B01696,桹
B01697,梂
B01698,梇
B01699,梐
B01700,梜
B01701,桭
B01702,桮
B01703,梮
B01704,梫
B01705,楖
B01706,桯
B01707,梣
B01708,梬
B01709,梩
B01710,桵
B01711,桴
B01712,梲
B01713,梏
B01714,桷
B01715,梒
B01716,桼
B01717,椌
B01718,棓
B01719,椄
B01720,棜
B01721,椪
B01722,棬
B01723,棪
B01724,棱
B01725,楮
B01726,椏
B01727,棖
B01728,棷
B01729,棫
B01730,棤
B01731,棶
B01732,椓
B01733,椐
B01734,棳
B01735,棡
B01736,椇
B01737,棌
B01738,椈
B01739,楰
B01740,梴
B01741,椑
B01742,棯
B01743,棆
B01744,椔
B01745,棸
B01746,棐
B01747,棽
B01748,棼
B01749,棻
B01750,棨
B01751,楦
B01752,楟
B01753,椸
B01754,楎
B01755,楢
B01756,楱
B01757,椿
B01758,楅
B01759,楝
B01760,楪
B01761,椹
B01762,楂
B01763,楗
B01764,楣
B01765,楙
B01766,楺
B01767,楈
B01768,楛
B01769,楉
B01770,椵
B01771,楬
B01772,椳
B01773,椽
B01774,楥
B01775,棰
B01776,楸
B01777,椴
B01778,楩
B01779,楀
B01780,楯
B01781,楄
B01782,楶
B01783,㮣
B01784,楘
B01785,榱
B01786,榶
B01787,槉
B01788,榠
B01789,槎
B01790,榖
B01791,榰
B01792,榬
B01793,榼
B01794,榑
B01795,榙
B01796,榎
B01797,榧
B01798,榍
B01799,榩
B01800,榾
B01801,榯
B01802,榿
B01803,槄
B01804,榽
B01805,榤
B01806,槔
B01807,榦
B01808,榹
B01809,槊
B01810,槃
B01811,樀
B01812,樆
B01813,樗
B01814,槥
B01815,槸
B01816,樕
B01817,槱
B01818,槤
B01819,樠
B01820,槿
B01821,槬
B01822,槭
B01823,槢
B01824,樛
B01825,樝
B01826,槾
B01827,樧
B01828,槲
B01829,槮
B01830,樔
B01831,槷
B01832,槧
B01833,橀
B01834,樴
B01835,橦
B01836,橉
B01837,橧
B01838,樲
B01839,橈
B01840,橨
B01841,樾
B01842,橝
B01843,橭
B01844,橶
B01845,橛
B01846,橑
B01847,樨
B01848,橚
B01849,樻
B01850,樿
B01851,橁
B01852,橪
B01853,橤
B01854,橐
B01855,檍
B01856,檖
B01857,檁
B01858,檥
B01859,檉
B01860,檟
B01861,檣
B01862,橾
B01863,檗
B01864,檛
B01865,檡
B01866,檞
B01867,檐
B01868,檇
B01869,檓
B01870,檎
B01871,檕
B01872,檃
B01873,檠
B01874,櫅
B01875,檹
B01876,檽
B01877,檮
B01878,檯
B01879,櫡
B01880,櫆
B01881,櫧
B01882,櫠
B01883,櫌
B01884,櫑
B01885,櫙
B01886,櫋
B01887,櫟
B01888,櫜
B01889,櫐
B01890,櫫
B01891,櫳
B01892,櫬
B01893,櫰
B01894,櫸
B01895,櫪
B01896,櫨
B01897,櫹
B01898,櫱
B01899,櫺
B01900,欂
B01901,櫼
B01902,欃
B01903,欋
B01904,欈
B01905,欐
B01906,欑
B01907,欒
B01908,欘
B01909,欥
B01910,欨
B01911,欬
B01912,欯
B01913,欭
B01914,欱
B01915,欴
B01916,欶
B01917,欳
B01918,欷
B01919,欸
B01920,欹
B01921,欻
B01922,欿
B01923,歆
B01924,歅
B01925,歃
B01926,歂
B01927,歈
B01928,歊
B01929,歍
B01930,歋
B01931,歎
B01932,歕
B01933,歔
B01934,歜
B01935,歛
B01936,歠
B01937,歭
B01938,殀
B01939,歾
B01940,殂
B01941,殄
B01942,肂
B01943,殈
B01944,殑
B01945,殏
B01946,殍
B01947,殔
B01948,殗
B01949,殙
B01950,殛
B01951,殞
B01952,殟
B01953,殠
B01954,殥
B01955,殣
B01956,殢
B01957,殦
B01958,殧
B01959,殪
B01960,殫
B01961,殭
B01962,殰
B01963,殳
B01964,殶
B01965,殽
B01966,毃
B01967,毄
B01968,毈
B01969,毇
B01970,毉
B01971,毊
B01972,毌
B01973,毐
B01974,毖
B01975,毘
B01976,毚
B01977,毞
B01978,毦
B01979,毤
B01980,毨
B01981,毣
B01982,毬
B01983,毰
B01984,毲
B01985,毳
B01986,毻
B01987,毼
B01988,毹
B01989,毾
B01990,氁
B01991,氀
B01992,毿
B01993,氂
B01994,氄
B01995,氅
B01996,氈
B01997,氍
B01998,气
B01999,氕
B02000,氘
B02001,氙
B02002,氚
B02003,氠
B02004,氪
B02005,氰
B02006,氬
B02007,氶
B02008,汃
B02009,氿
B02010,汆
B02011,汒
B02012,污
B02013,汜
B02014,汏
B02015,汊
B02016,汛
B02017,汍
B02018,汔
B02019,汎
B02020,汋
B02021,汴
B02022,沆
B02023,汸
B02024,汶
B02025,汧
B02026,汫
B02027,沄
B02028,沍
B02029,沋
B02030,沏
B02031,沔
B02032,沘
B02033,汱
B02034,汯
B02035,汩
B02036,沚
B02037,汭
B02038,沇
B02039,沕
B02040,沜
B02041,汦
B02042,沂
B02043,汳
B02044,沓
B02045,泬
B02046,泫
B02047,泮
B02048,泙
B02049,沶
B02050,沬
B02051,泔
B02052,沭
B02053,泧
B02054,沷
B02055,泯
B02056,泐
B02057,泂
B02058,沺
B02059,泃
B02060,泆
B02061,泭
B02062,泜
B02063,泲
B02064,泒
B02065,泖
B02066,泝
B02067,泠
B02068,沴
B02069,泵
B02070,洨
B02071,洴
B02072,洭
B02073,洟
B02074,洹
B02075,洼
B02076,洿
B02077,洒
B02078,洧
B02079,洊
B02080,泚
B02081,洸
B02082,洳
B02083,洩
B02084,洄
B02085,洮
B02086,洙
B02087,洺
B02088,洵
B02089,洚
B02090,洎
B02091,洫
B02092,洑
B02093,洀
B02094,浺
B02095,浣
B02096,浤
B02097,浶
B02098,洍
B02099,涌
B02100,浡
B02101,涒
B02102,浘
B02103,浢
B02104,浭
B02105,浯
B02106,涑
B02107,涍
B02108,涊
B02109,淯
B02110,浹
B02111,涅
B02112,浿
B02113,涆
B02114,浥
B02115,浞
B02116,浧
B02117,涔
B02118,浠
B02119,涗
B02120,浰
B02121,浼
B02122,浟
B02123,涂
B02124,涘
B02125,淀
B02126,涫
B02127,涴
B02128,涳
B02129,涪
B02130,淬
B02131,湴
B02132,涬
B02133,淩
B02134,淢
B02135,涷
B02136,淶
B02137,淔
B02138,涿
B02139,渀
B02140,淈
B02141,淠
B02142,淟
B02143,淖
B02144,涾
B02145,淥
B02146,淜
B02147,淝
B02148,淛
B02149,淴
B02150,淊
B02151,涽
B02152,淭
B02153,淰
B02154,淦
B02155,淼
B02156,湆
B02157,湇
B02158,渟
B02159,湉
B02160,溈
B02161,渼
B02162,渽
B02163,湅
B02164,湢
B02165,渫
B02166,渿
B02167,湁
B02168,湝
B02169,湳
B02170,湎
B02171,渜
B02172,渳
B02173,湣
B02174,湄
B02175,湋
B02176,湀
B02177,湑
B02178,渻
B02179,渃
B02180,渮
B02181,湞
B02182,湨
B02183,湜
B02184,湡
B02185,渱
B02186,渨
B02187,湠
B02188,湲
B02189,湱
B02190,湩
B02191,湫
B02192,渹
B02193,渢
B02194,湟
B02195,渰
B02196,湓
B02197,溛
B02198,滖
B02199,滈
B02200,溏
B02201,滀
B02202,溟
B02203,溓
B02204,溔
B02205,溠
B02206,溱
B02207,溹
B02208,滆
B02209,滒
B02210,溧
B02211,溽
B02212,滁
B02213,溞
B02214,滉
B02215,溷
B02216,溰
B02217,滍
B02218,溦
B02219,滏
B02220,溲
B02221,溴
B02222,溾
B02223,滃
B02224,滜
B02225,滕
B02226,滎
B02227,滵
B02228,滱
B02229,漃
B02230,漥
B02231,滸
B02232,漷
B02233,滻
B02234,漮
B02235,漉
B02236,潎
B02237,漙
B02238,漚
B02239,漧
B02240,漘
B02241,漻
B02242,漒
B02243,滭
B02244,漊
B02245,漶
B02246,潳
B02247,滹
B02248,滮
B02249,漭
B02250,滷
B02251,潀
B02252,漰
B02253,漼
B02254,漵
B02255,滫
B02256,漇
B02257,漎
B02258,潃
B02259,漅
B02260,漦
B02261,潁
B02262,潾
B02263,澇
B02264,濆
B02265,澒
B02266,澍
B02267,澉
B02268,澌
B02269,潢
B02270,潏
B02271,澅
B02272,潯
B02273,潚
B02274,潠
B02275,澖
B02276,潶
B02277,潬
B02278,澂
B02279,潕
B02280,潲
B02281,潒
B02282,潐
B02283,潗
B02284,潟
B02285,澔
B02286,澓
B02287,潝
B02288,澶
B02289,澭
B02290,濋
B02291,澣
B02292,濇
B02293,澦
B02294,澼
B02295,濎
B02296,濈
B02297,澠
B02298,潞
B02299,濄
B02300,澽
B02301,澞
B02302,濊
B02303,澴
B02304,澨
B02305,瀄
B02306,澥
B02307,澮
B02308,濌
B02309,澩
B02310,濴
B02311,濔
B02312,濣
B02313,濜
B02314,濭
B02315,濩
B02316,濕
B02317,濧
B02318,濦
B02319,濞
B02320,濮
B02321,濰
B02322,瀇
B02323,瀌
B02324,瀍
B02325,瀁
B02326,瀅
B02327,瀔
B02328,瀎
B02329,濿
B02330,瀀
B02331,濻
B02332,瀦
B02333,濼
B02334,瀙
B02335,瀧
B02336,瀠
B02337,瀖
B02338,瀫
B02339,瀡
B02340,瀢
B02341,瀘
B02342,瀣
B02343,瀩
B02344,瀼
B02345,瀵
B02346,瀯
B02347,瀷
B02348,瀴
B02349,瀱
B02350,灂
B02351,瀸
B02352,瀿
B02353,瀺
B02354,瀲
B02355,瀹
B02356,灃
B02357,灄
B02358,灊
B02359,灈
B02360,灉
B02361,灕
B02362,灖
B02363,灗
B02364,灛
B02365,灞
B02366,灟
B02367,灡
B02368,灝
B02369,灨
B02370,灩
B02371,灪
B02372,炔
B02373,炘
B02374,炅
B02375,炷
B02376,炤
B02377,炟
B02378,炾
B02379,炱
B02380,炰
B02381,烜
B02382,烓
B02383,烑
B02384,烝
B02385,烋
B02386,缹
B02387,烺
B02388,焍
B02389,烷
B02390,焗
B02391,烴
B02392,焌
B02393,烯
B02394,烰
B02395,焄
B02396,焠
B02397,焞
B02398,焯
B02399,焜
B02400,烻
B02401,焮
B02402,焱
B02403,焣
B02404,煇
B02405,煔
B02406,煒
B02407,煆
B02408,煣
B02409,煠
B02410,煁
B02411,煝
B02412,煨
B02413,煖
B02414,煢
B02415,煲
B02416,熇
B02417,熐
B02418,熉
B02419,熀
B02420,熅
B02421,熂
B02422,熒
B02423,熏
B02424,熲
B02425,熯
B02426,熛
B02427,熰
B02428,熠
B02429,熚
B02430,燅
B02431,燂
B02432,熿
B02433,熸
B02434,燖
B02435,燀
B02436,燁
B02437,燋
B02438,燔
B02439,燊
B02440,燡
B02441,燠
B02442,燼
B02443,爁
B02444,燿
B02445,燾
B02446,燹
B02447,爌
B02448,爊
B02449,爇
B02450,爂
B02451,爓
B02452,爝
B02453,爚
B02454,爞
B02455,爟
B02456,爢
B02457,爣
B02458,牁
B02459,牂
B02460,牄
B02461,牉
B02462,牋
B02463,牏
B02464,牓
B02465,牚
B02466,牣
B02467,牬
B02468,牰
B02469,牸
B02470,牷
B02471,牾
B02472,牻
B02473,牼
B02474,牿
B02475,犈
B02476,犉
B02477,犆
B02478,犅
B02479,犍
B02480,犌
B02481,犑
B02482,犐
B02483,犎
B02484,犗
B02485,犕
B02486,犓
B02487,犘
B02488,犚
B02489,犝
B02490,犞
B02491,犥
B02492,犦
B02493,犤
B02494,犣
B02495,犩
B02496,犨
B02497,犪
B02498,犮
B02499,犰
B02500,犴
B02501,犵
B02502,犿
B02503,犽
B02504,狃
B02505,狆
B02506,狁
B02507,狖
B02508,狋
B02509,狘
B02510,狉
B02511,狜
B02512,狒
B02513,狔
B02514,狚
B02515,狌
B02516,狑
B02517,狊
B02518,狤
B02519,狨
B02520,狫
B02521,狟
B02522,狪
B02523,狦
B02524,狣
B02525,猀
B02526,狺
B02527,狴
B02528,狾
B02529,狶
B02530,狳
B02531,狻
B02532,猝
B02533,猗
B02534,猇
B02535,猑
B02536,猘
B02537,猊
B02538,猈
B02539,狿
B02540,猏
B02541,猋
B02542,猒
B02543,猰
B02544,猢
B02545,猱
B02546,猳
B02547,猧
B02548,猲
B02549,猭
B02550,猦
B02551,猣
B02552,猵
B02553,猼
B02554,獂
B02555,猻
B02556,獃
B02557,猺
B02558,獀
B02559,獊
B02560,獍
B02561,獑
B02562,獌
B02563,獘
B02564,獒
B02565,獞
B02566,獟
B02567,獠
B02568,獝
B02569,獛
B02570,獡
B02571,獩
B02572,獦
B02573,獧
B02574,獬
B02575,獥
B02576,獫
B02577,獪
B02578,獳
B02579,獮
B02580,獯
B02581,獶
B02582,獽
B02583,獼
B02584,獾
B02585,獿
B02586,玂
B02587,玁
B02588,玃
B02589,玅
B02590,玆
B02591,玈
B02592,玊
B02593,玎
B02594,玕
B02595,玗
B02596,玓
B02597,玔
B02598,玤
B02599,玡
B02600,玭
B02601,玦
B02602,玢
B02603,玠
B02604,珌
B02605,珂
B02606,珈
B02607,珅
B02608,珓
B02609,珪
B02610,珙
B02611,珥
B02612,珖
B02613,玼
B02614,珧
B02615,珣
B02616,珞
B02617,珩
B02618,珶
B02619,珸
B02620,珵
B02621,琄
B02622,琁
B02623,珽
B02624,琇
B02625,琀
B02626,琮
B02627,琯
B02628,琬
B02629,琛
B02630,琰
B02631,琫
B02632,琖
B02633,琦
B02634,琚
B02635,琡
B02636,琨
B02637,琭
B02638,琱
B02639,琤
B02640,瑄
B02641,瑊
B02642,瑋
B02643,瑒
B02644,瑑
B02645,瑗
B02646,瑀
B02647,瑢
B02648,瑳
B02649,瑱
B02650,瑵
B02651,瑲
B02652,璇
B02653,璉
B02654,璊
B02655,瑾
B02656,璆
B02657,璀
B02658,璁
B02659,瑽
B02660,璅
B02661,瑿
B02662,璘
B02663,璚
B02664,璟
B02665,璞
B02666,璠
B02667,璗
B02668,璲
B02669,璫
B02670,璨
B02671,璐
B02672,璪
B02673,璸
B02674,瓀
B02675,璵
B02676,璿
B02677,瓁
B02678,瓋
B02679,瓅
B02680,璺
B02681,瓖
B02682,瓔
B02683,瓘
B02684,瓚
B02685,瓛
B02686,瓝
B02687,瓞
B02688,瓟
B02689,瓡
B02690,瓤
B02691,瓥
B02692,瓨
B02693,瓬
B02694,瓮
B02695,瓴
B02696,瓵
B02697,瓿
B02698,瓾
B02699,瓽
B02700,甀
B02701,甂
B02702,甃
B02703,甈
B02704,甋
B02705,甍
B02706,甐
B02707,甑
B02708,甒
B02709,甔
B02710,甓
B02711,甖
B02712,甗
B02713,甝
B02714,甡
B02715,甪
B02716,甯
B02717,甮
B02718,町
B02719,甹
B02720,甿
B02721,畀
B02722,甾
B02723,畎
B02724,畋
B02725,畇
B02726,畛
B02727,畟
B02728,畤
B02729,畣
B02730,畯
B02731,畬
B02732,畹
B02733,畷
B02734,畽
B02735,畿
B02736,疀
B02737,疌
B02738,疐
B02739,疔
B02740,疕
B02741,疢
B02742,疣
B02743,疧
B02744,疰
B02745,痂
B02746,痁
B02747,疻
B02748,疸
B02749,痄
B02750,痀
B02751,痎
B02752,痒
B02753,痍
B02754,痏
B02755,痋
B02756,痌
B02757,痑
B02758,痧
B02759,痚
B02760,痡
B02761,痦
B02762,痝
B02763,痟
B02764,痤
B02765,痗
B02766,痠
B02767,痯
B02768,瘏
B02769,痳
B02770,瘃
B02771,痷
B02772,痾
B02773,痼
B02774,痹
B02775,痸
B02776,瘐
B02777,痻
B02778,瘖
B02779,瘈
B02780,瘌
B02781,瘕
B02782,瘑
B02783,瘊
B02784,瘥
B02785,瘞
B02786,瘙
B02787,瘝
B02788,瘢
B02789,瘜
B02790,瘣
B02791,瘯
B02792,瘭
B02793,瘱
B02794,瘽
B02795,瘳
B02796,瘺
B02797,瘼
B02798,瘵
B02799,瘲
B02800,癃
B02801,癈
B02802,癉
B02803,癇
B02804,癜
B02805,癤
B02806,癙
B02807,癐
B02808,癓
B02809,癠
B02810,癟
B02811,癪
B02812,癭
B02813,癰
B02814,癵
B02815,癹
B02816,皁
B02817,皊
B02818,皋
B02819,皏
B02820,皕
B02821,皙
B02822,皜
B02823,皝
B02824,皞
B02825,皛
B02826,皤
B02827,皦
B02828,皫
B02829,皭
B02830,皯
B02831,皵
B02832,皸
B02833,皻
B02834,皽
B02835,皾
B02836,盄
B02837,盅
B02838,盉
B02839,盓
B02840,盝
B02841,盦
B02842,盩
B02843,盬
B02844,盭
B02845,盳
B02846,盱
B02847,眈
B02848,眃
B02849,眄
B02850,眅
B02851,眇
B02852,眊
B02853,盷
B02854,盻
B02855,眝
B02856,眛
B02857,眐
B02858,眓
B02859,眒
B02860,眣
B02861,眑
B02862,眕
B02863,眙
B02864,眚
B02865,眢
B02866,眹
B02867,眯
B02868,眭
B02869,眱
B02870,眲
B02871,眴
B02872,眳
B02873,眽
B02874,眥
B02875,睆
B02876,睇
B02877,睄
B02878,睍
B02879,睅
B02880,睊
B02881,睎
B02882,睋
B02883,睌
B02884,睕
B02885,睟
B02886,睠
B02887,睒
B02888,睖
B02889,睚
B02890,睩
B02891,睢
B02892,睧
B02893,睔
B02894,瞁
B02895,睼
B02896,瞅
B02897,瞂
B02898,睮
B02899,瞀
B02900,睯
B02901,睾
B02902,瞋
B02903,瞍
B02904,瞏
B02905,瞉
B02906,瞚
B02907,瞝
B02908,瞡
B02909,瞜
B02910,瞛
B02911,瞢
B02912,瞵
B02913,瞫
B02914,瞲
B02915,瞷
B02916,瞶
B02917,瞴
B02918,矂
B02919,瞼
B02920,矉
B02921,矊
B02922,矌
B02923,矎
B02924,矏
B02925,矍
B02926,矐
B02927,矔
B02928,矕
B02929,矘
B02930,矙
B02931,矞
B02932,矠
B02933,矧
B02934,矬
B02935,矰
B02936,矱
B02937,矲
B02938,矸
B02939,矼
B02940,矹
B02941,矻
B02942,矺
B02943,砆
B02944,砑
B02945,砒
B02946,砅
B02947,砐
B02948,砏
B02949,砎
B02950,砉
B02951,砣
B02952,砬
B02953,砢
B02954,砵
B02955,砠
B02956,砯
B02957,砟
B02958,砲
B02959,砨
B02960,砮
B02961,硎
B02962,硈
B02963,硒
B02964,硉
B02965,硍
B02966,硊
B02967,硌
B02968,砦
B02969,硠
B02970,硤
B02971,硥
B02972,硜
B02973,硭
B02974,硱
B02975,硪
B02976,确
B02977,硰
B02978,硩
B02979,碇
B02980,碚
B02981,碔
B02982,碏
B02983,碄
B02984,碕
B02985,碅
B02986,碓
B02987,碆
B02988,碲
B02989,碪
B02990,碴
B02991,碭
B02992,碣
B02993,碨
B02994,硾
B02995,碫
B02996,碞
B02997,磍
B02998,碻
B02999,磏
B03000,磌
B03001,磑
B03002,磎
B03003,磔
B03004,磈
B03005,磃
B03006,磝
B03007,磧
B03008,磩
B03009,磥
B03010,磪
B03011,磞
B03012,磣
B03013,磛
B03014,磳
B03015,磽
B03016,礂
B03017,磻
B03018,磼
B03019,磿
B03020,礌
B03021,礓
B03022,礔
B03023,礉
B03024,礐
B03025,礝
B03026,礛
B03027,礴
B03028,礜
B03029,礥
B03030,礣
B03031,礧
B03032,礨
B03033,礭
B03034,礱
B03035,礵
B03036,礽
B03037,祂
B03038,礿
B03039,祊
B03040,祌
B03041,祋
B03042,祅
B03043,祔
B03044,祛
B03045,祏
B03046,祜
B03047,祓
B03048,祒
B03049,祑
B03050,祤
B03051,祧
B03052,祩
B03053,祪
B03054,祣
B03055,祫
B03056,祡
B03057,祴
B03058,祳
B03059,祲
B03060,祼
B03061,禂
B03062,禘
B03063,禊
B03064,禋
B03065,禖
B03066,禕
B03067,禔
B03068,禓
B03069,禗
B03070,禚
B03071,禡
B03072,禠
B03073,禜
B03074,禫
B03075,禨
B03076,禭
B03077,禬
B03078,禰
B03079,禴
B03080,禳
B03081,禷
B03082,禸
B03083,禺
B03084,离
B03085,歶
B03086,秈
B03087,秅
B03088,秕
B03089,种
B03090,秏
B03091,秖
B03092,秎
B03093,秘
B03094,秫
B03095,秬
B03096,秠
B03097,秮
B03098,秭
B03099,秪
B03100,秺
B03101,秸
B03102,秶
B03103,稂
B03104,稊
B03105,稃
B03106,稌
B03107,稑
B03108,稘
B03109,稙
B03110,稞
B03111,稒
B03112,稗
B03113,稫
B03114,穊
B03115,稰
B03116,稯
B03117,稹
B03118,穋
B03119,穄
B03120,穈
B03121,穜
B03122,穛
B03123,穖
B03124,穟
B03125,穠
B03126,穧
B03127,穨
B03128,穮
B03129,穬
B03130,穭
B03131,穰
B03132,穱
B03133,穸
B03134,窀
B03135,穾
B03136,窆
B03137,窉
B03138,窅
B03139,窋
B03140,窌
B03141,窊
B03142,窏
B03143,窔
B03144,窐
B03145,窙
B03146,窣
B03147,窢
B03148,窞
B03149,窨
B03150,窫
B03151,窬
B03152,窲
B03153,窴
B03154,窱
B03155,窳
B03156,窶
B03157,窸
B03158,窵
B03159,窾
B03160,竀
B03161,窿
B03162,竁
B03163,竑
B03164,竘
B03165,竦
B03166,竫
B03167,竷
B03168,笐
B03169,笄
B03170,笓
B03171,笅
B03172,笏
B03173,笈
B03174,笊
B03175,笵
B03176,笻
B03177,笴
B03178,笥
B03179,笰
B03180,笢
B03181,笤
B03182,笳
B03183,笘
B03184,笪
B03185,笝
B03186,笮
B03187,笱
B03188,笫
B03189,笭
B03190,笯
B03191,笲
B03192,筊
B03193,筇
B03194,筑
B03195,筄
B03196,筈
B03197,筌
B03198,筦
B03199,筤
B03200,筭
B03201,筴
B03202,筮
B03203,筩
B03204,筲
B03205,筥
B03206,筧
B03207,筳
B03208,筱
B03209,筰
B03210,筡
B03211,箈
B03212,箜
B03213,箊
B03214,箑
B03215,箐
B03216,箸
B03217,箖
B03218,箍
B03219,箌
B03220,箛
B03221,箎
B03222,箅
B03223,箇
B03224,箘
B03225,劄
B03226,箙
B03227,箄
B03228,箷
B03229,篋
B03230,箾
B03231,箬
B03232,篎
B03233,箠
B03234,箯
B03235,篌
B03236,箹
B03237,篞
B03238,篣
B03239,篧
B03240,篝
B03241,篕
B03242,篥
B03243,篚
B03244,篨
B03245,篹
B03246,篔
B03247,篦
B03248,篪
B03249,簅
B03250,簏
B03251,篲
B03252,簀
B03253,篿
B03254,篻
B03255,簌
B03256,簎
B03257,篴
B03258,簋
B03259,篳
B03260,簂
B03261,簉
B03262,簃
B03263,篠
B03264,簁
B03265,篸
B03266,篽
B03267,簜
B03268,簩
B03269,簙
B03270,簠
B03271,簟
B03272,簭
B03273,簝
B03274,簦
B03275,簨
B03276,簢
B03277,簥
B03278,簳
B03279,簼
B03280,籀
B03281,簹
B03282,簬
B03283,簻
B03284,籉
B03285,籈
B03286,籊
B03287,籔
B03288,籗
B03289,籜
B03290,籙
B03291,籛
B03292,籧
B03293,籣
B03294,籥
B03295,籦
B03296,籩
B03297,籯
B03298,籽
B03299,籺
B03300,籸
B03301,籹
B03302,粄
B03303,粑
B03304,粊
B03305,粔
B03306,粘
B03307,粕
B03308,粢
B03309,粲
B03310,粻
B03311,粿
B03312,粼
B03313,粺
B03314,糅
B03315,糈
B03316,糌
B03317,糒
B03318,糔
B03319,糗
B03320,糝
B03321,糬
B03322,糪
B03323,糰
B03324,糲
B03325,糴
B03326,糱
B03327,糶
B03328,糷
B03329,紆
B03330,紃
B03331,紈
B03332,紞
B03333,紝
B03334,紑
B03335,紎
B03336,紘
B03337,紖
B03338,紓
B03339,紟
B03340,紒
B03341,紵
B03342,紽
B03343,紸
B03344,紶
B03345,紲
B03346,紺
B03347,紱
B03348,絅
B03349,紬
B03350,紩
B03351,絁
B03352,絇
B03353,紾
B03354,紿
B03355,絘
B03356,絯
B03357,絣
B03358,絓
B03359,絰
B03360,絖
B03361,絧
B03362,絪
B03363,絏
B03364,絳
B03365,絭
B03366,絜
B03367,絫
B03368,綈
B03369,綆
B03370,綀
B03371,綍
B03372,絿
B03373,綅
B03374,絺
B03375,綎
B03376,絻
B03377,綃
B03378,絼
B03379,綌
B03380,絛
B03381,綔
B03382,綧
B03383,綷
B03384,緂
B03385,綣
B03386,綪
B03387,緁
B03388,緀
B03389,緅
B03390,綝
B03391,緎
B03392,緄
B03393,緆
B03394,緋
B03395,綬
B03396,緌
B03397,綯
B03398,綹
B03399,綖
B03400,綼
B03401,綟
B03402,綦
B03403,綮
B03404,緷
B03405,緛
B03406,緪
B03407,緧
B03408,緗
B03409,緙
B03410,緡
B03411,縃
B03412,緺
B03413,緦
B03414,緲
B03415,緹
B03416,緶
B03417,緱
B03418,緰
B03419,縒
B03420,縡
B03421,縞
B03422,縗
B03423,縌
B03424,縟
B03425,縠
B03426,縝
B03427,縓
B03428,縉
B03429,縎
B03430,縜
B03431,縕
B03432,縚
B03433,縢
B03434,縐
B03435,縋
B03436,縏
B03437,縭
B03438,縼
B03439,繂
B03440,縴
B03441,縳
B03442,縹
B03443,顈
B03444,繈
B03445,縸
B03446,縵
B03447,縪
B03448,繉
B03449,繀
B03450,繇
B03451,縩
B03452,繌
B03453,縰
B03454,縿
B03455,縻
B03456,縶
B03457,繄
B03458,繒
B03459,繜
B03460,繐
B03461,繖
B03462,繣
B03463,繘
B03464,繢
B03465,繟
B03466,繙
B03467,繑
B03468,繠
B03469,繶
B03470,繵
B03471,繸
B03472,繰
B03473,繷
B03474,繯
B03475,繺
B03476,繳
B03477,繲
B03478,繴
B03479,繻
B03480,繾
B03481,纁
B03482,纀
B03483,纊
B03484,纇
B03485,纈
B03486,纋
B03487,纆
B03488,纍
B03489,纑
B03490,纕
B03491,纔
B03492,纗
B03493,纚
B03494,纘
B03495,纛
B03496,缾
B03497,缿
B03498,罃
B03499,罅
B03500,罋
B03501,罊
B03502,罌
B03503,罍
B03504,罏
B03505,网
B03506,罘
B03507,罜
B03508,罡
B03509,罞
B03510,罠
B03511,罝
B03512,罛
B03513,罣
B03514,罥
B03515,罦
B03516,罭
B03517,罫
B03518,罧
B03519,罨
B03520,罬
B03521,罳
B03522,罶
B03523,罻
B03524,罼
B03525,罺
B03526,罿
B03527,罾
B03528,罽
B03529,羃
B03530,羆
B03531,羇
B03532,羉
B03533,羑
B03534,羍
B03535,羖
B03536,羒
B03537,羕
B03538,羜
B03539,羝
B03540,羛
B03541,羢
B03542,羠
B03543,羡
B03544,羦
B03545,羥
B03546,羧
B03547,羬
B03548,羰
B03549,羭
B03550,羱
B03551,羵
B03552,羳
B03553,羷
B03554,羺
B03555,羼
B03556,羾
B03557,翃
B03558,翂
B03559,翊
B03560,翋
B03561,翍
B03562,翐
B03563,翑
B03564,翇
B03565,翏
B03566,翛
B03567,翜
B03568,翢
B03569,翣
B03570,翥
B03571,翭
B03572,翫
B03573,翪
B03574,翬
B03575,翦
B03576,翨
B03577,翮
B03578,翯
B03579,翴
B03580,翲
B03581,翽
B03582,翾
B03583,翿
B03584,耄
B03585,耇
B03586,耋
B03587,耎
B03588,耑
B03589,耏
B03590,耔
B03591,耖
B03592,耟
B03593,耞
B03594,耡
B03595,耤
B03596,耦
B03597,耪
B03598,耨
B03599,耬
B03600,耰
B03601,耴
B03602,耵
B03603,耷
B03604,耾
B03605,耹
B03606,聇
B03607,聃
B03608,聈
B03609,聑
B03610,聏
B03611,聒
B03612,聝
B03613,聵
B03614,聹
B03615,肏
B03616,肕
B03617,肙
B03618,肐
B03619,肒
B03620,肜
B03621,肮
B03622,肣
B03623,肸
B03624,肵
B03625,胘
B03626,胇
B03627,胠
B03628,胑
B03629,胈
B03630,胂
B03631,胐
B03632,胅
B03633,胣
B03634,胙
B03635,胜
B03636,胊
B03637,胕
B03638,胉
B03639,胝
B03640,胏
B03641,胗
B03642,胺
B03643,胲
B03644,胼
B03645,胹
B03646,胯
B03647,胵
B03648,脁
B03649,胻
B03650,脀
B03651,胾
B03652,胔
B03653,脘
B03654,脰
B03655,脥
B03656,脤
B03657,脙
B03658,脛
B03659,脭
B03660,脟
B03661,脬
B03662,脞
B03663,脡
B03664,脕
B03665,脧
B03666,腃
B03667,腊
B03668,腌
B03669,腒
B03670,腏
B03671,腄
B03672,腓
B03673,腇
B03674,脽
B03675,腴
B03676,腍
B03677,腤
B03678,腠
B03679,腷
B03680,腜
B03681,腩
B03682,腛
B03683,腢
B03684,腲
B03685,朡
B03686,腞
B03687,腶
B03688,腧
B03689,腯
B03690,膉
B03691,膆
B03692,膃
B03693,膇
B03694,膍
B03695,膌
B03696,膂
B03697,膋
B03698,膣
B03699,膟
B03700,膘
B03701,膞
B03702,膕
B03703,膢
B03704,膱
B03705,膦
B03706,膮
B03707,膹
B03708,膵
B03709,膫
B03710,膰
B03711,膬
B03712,膴
B03713,膲
B03714,膷
B03715,膻
B03716,臄
B03717,臌
B03718,臊
B03719,臅
B03720,臇
B03721,臑
B03722,臒
B03723,臐
B03724,臗
B03725,臕
B03726,臛
B03727,臙
B03728,臝
B03729,臞
B03730,臢
B03731,臠
B03732,臡
B03733,臦
B03734,臩
B03735,臮
B03736,臲
B03737,臷
B03738,臸
B03739,臿
B03740,舁
B03741,舄
B03742,舋
B03743,舑
B03744,舕
B03745,舝
B03746,舠
B03747,舡
B03748,舯
B03749,舸
B03750,舳
B03751,舺
B03752,舴
B03753,舲
B03754,舼
B03755,舽
B03756,艉
B03757,艄
B03758,艀
B03759,艂
B03760,艅
B03761,艋
B03762,艏
B03763,艓
B03764,艒
B03765,艐
B03766,艎
B03767,艑
B03768,艕
B03769,艛
B03770,艟
B03771,艤
B03772,艨
B03773,艫
B03774,艴
B03775,艵
B03776,艸
B03777,艼
B03778,芀
B03779,艽
B03780,芐
B03781,芏
B03782,芅
B03783,芎
B03784,芑
B03785,芓
B03786,芊
B03787,芃
B03788,芄
B03789,芔
B03790,芠
B03791,苀
B03792,芯
B03793,芫
B03794,芸
B03795,芚
B03796,芘
B03797,芣
B03798,芰
B03799,芾
B03800,芛
B03801,芵
B03802,芧
B03803,芮
B03804,芷
B03805,芼
B03806,芞
B03807,芺
B03808,芴
B03809,芨
B03810,芡
B03811,芩
B03812,苙
B03813,苾
B03814,苹
B03815,苯
B03816,茇
B03817,苨
B03818,茀
B03819,苕
B03820,茺
B03821,苫
B03822,苖
B03823,苴
B03824,苬
B03825,苡
B03826,苲
B03827,苵
B03828,茌
B03829,苻
B03830,茆
B03831,苶
B03832,茳
B03833,茨
B03834,茭
B03835,荄
B03836,茙
B03837,荑
B03838,茥
B03839,荖
B03840,茿
B03841,荁
B03842,茦
B03843,茜
B03844,茢
B03845,荂
B03846,荎
B03847,茛
B03848,茪
B03849,茈
B03850,茼
B03851,荍
B03852,茖
B03853,茤
B03854,茠
B03855,茷
B03856,茯
B03857,茩
B03858,荇
B03859,荃
B03860,荅
B03861,茻
B03862,莐
B03863,莣
B03864,莨
B03865,莍
B03866,荺
B03867,荳
B03868,莆
B03869,莤
B03870,荴
B03871,莏
B03872,莁
B03873,莕
B03874,莙
B03875,荵
B03876,莧
B03877,莔
B03878,莩
B03879,荽
B03880,莃
B03881,莌
B03882,莝
B03883,莛
B03884,莪
B03885,莋
B03886,荾
B03887,莥
B03888,菏
B03889,菹
B03890,萣
B03891,菀
B03892,菨
B03893,萒
B03894,菧
B03895,菤
B03896,菼
B03897,菶
B03898,萐
B03899,萇
B03900,菆
B03901,菈
B03902,菫
B03903,菣
B03904,莿
B03905,萁
B03906,菝
B03907,菥
B03908,菘
B03909,菿
B03910,菡
B03911,菋
B03912,菎
B03913,菖
B03914,菵
B03915,菉
B03916,萉
B03917,菔
B03918,菟
B03919,萏
B03920,菞
B03921,萑
B03922,萆
B03923,菂
B03924,菳
B03925,菕
B03926,菺
B03927,菇
B03928,菑
B03929,蓱
B03930,萿
B03931,葖
B03932,葶
B03933,葹
B03934,蒏
B03935,蒍
B03936,葥
B03937,葑
B03938,葀
B03939,蒆
B03940,葧
B03941,萰
B03942,葍
B03943,葽
B03944,葚
B03945,葙
B03946,葴
B03947,葳
B03948,葝
B03949,蔇
B03950,葞
B03951,萷
B03952,葭
B03953,萺
B03954,萴
B03955,葺
B03956,葃
B03957,葸
B03958,萲
B03959,葅
B03960,萩
B03961,菙
B03962,葋
B03963,萯
B03964,葂
B03965,萭
B03966,葟
B03967,葆
B03968,葰
B03969,萹
B03970,葎
B03971,葌
B03972,葒
B03973,葯
B03974,蒗
B03975,蒤
B03976,蒡
B03977,蒟
B03978,蓑
B03979,蒺
B03980,蓎
B03981,蓂
B03982,蒬
B03983,蒮
B03984,蒫
B03985,蒹
B03986,蒴
B03987,蓁
B03988,蓍
B03989,蒪
B03990,蒚
B03991,蒱
B03992,蓐
B03993,蒝
B03994,蒧
B03995,蒻
B03996,蒢
B03997,蒔
B03998,蓇
B03999,蓌
B04000,蒛
B04001,蒩
B04002,蒯
B04003,蒨
B04004,蓖
B04005,蒘
B04006,蒶
B04007,蓊
B04008,蓏
B04009,蒠
B04010,蔆
B04011,蔤
B04012,蔻
B04013,蔏
B04014,蔀
B04015,蔩
B04016,蔎
B04017,蔉
B04018,蔍
B04019,蔟
B04020,蔊
B04021,蔧
B04022,蔜
B04023,蓻
B04024,蔫
B04025,蓺
B04026,蔈
B04027,蔌
B04028,蓴
B04029,蔪
B04030,蓲
B04031,蔕
B04032,蓷
B04033,蓫
B04034,蓳
B04035,蓼
B04036,蔒
B04037,蓪
B04038,蓩
B04039,蔖
B04040,蓾
B04041,蔨
B04042,蔝
B04043,蔮
B04044,蔂
B04045,蓽
B04046,蔞
B04047,蓶
B04048,蔱
B04049,蔦
B04050,蓧
B04051,蓨
B04052,蓰
B04053,蓯
B04054,蓹
B04055,蔘
B04056,蔠
B04057,蔰
B04058,蕖
B04059,蕅
B04060,蕫
B04061,蕍
B04062,蕓
B04063,蕡
B04064,蕘
B04065,蕀
B04066,蕆
B04067,蕤
B04068,蕁
B04069,蕞
B04070,蕢
B04071,蕄
B04072,蕑
B04073,蕇
B04074,蕣
B04075,蔾
B04076,蕛
B04077,蕱
B04078,蕎
B04079,蕵
B04080,蕮
B04081,蕕
B04082,蕧
B04083,蕠
B04084,薌
B04085,蕦
B04086,蕝
B04087,薃
B04088,薀
B04089,薏
B04090,薧
B04091,薕
B04092,薠
B04093,薋
B04094,薣
B04095,蕻
B04096,薤
B04097,薚
B04098,薞
B04099,蕷
B04100,蕼
B04101,薉
B04102,薡
B04103,蕺
B04104,蕸
B04105,蕗
B04106,薎
B04107,薖
B04108,薨
B04109,薆
B04110,薍
B04111,薙
B04112,薝
B04113,薊
B04114,薁
B04115,薢
B04116,薂
B04117,薈
B04118,薅
B04119,薴
B04120,藆
B04121,藀
B04122,薺
B04123,藃
B04124,藂
B04125,薹
B04126,薳
B04127,薵
B04128,薽
B04129,藇
B04130,藄
B04131,薿
B04132,藋
B04133,藎
B04134,藈
B04135,藅
B04136,薱
B04137,薶
B04138,藒
B04139,蘤
B04140,藫
B04141,藱
B04142,藭
B04143,藙
B04144,藡
B04145,藨
B04146,藷
B04147,藚
B04148,藗
B04149,藬
B04150,藸
B04151,藘
B04152,藟
B04153,藣
B04154,藜
B04155,藑
B04156,藰
B04157,蘢
B04158,藿
B04159,蘁
B04160,藾
B04161,蘛
B04162,蘀
B04163,藲
B04164,藶
B04165,蘄
B04166,蘉
B04167,蘅
B04168,蘌
B04169,蘘
B04170,蘪
B04171,蘦
B04172,蘟
B04173,蘣
B04174,蘜
B04175,蘙
B04176,蘧
B04177,蘮
B04178,蘡
B04179,蘠
B04180,蘩
B04181,蘞
B04182,蘥
B04183,蘴
B04184,蘵
B04185,蘳
B04186,蘬
B04187,蘺
B04188,虀
B04189,蘹
B04190,蘼
B04191,蘱
B04192,蘻
B04193,蘾
B04194,虃
B04195,虆
B04196,虇
B04197,虈
B04198,虌
B04199,虋
B04200,虓
B04201,虒
B04202,虙
B04203,虖
B04204,虡
B04205,虢
B04206,虣
B04207,虩
B04208,虪
B04209,虰
B04210,虯
B04211,虭
B04212,虮
B04213,虻
B04214,虷
B04215,虺
B04216,虴
B04217,蚢
B04218,蚨
B04219,蚖
B04220,蚍
B04221,蚑
B04222,蚞
B04223,蚜
B04224,蚇
B04225,蚗
B04226,蚆
B04227,蚋
B04228,蚚
B04229,蚅
B04230,蚥
B04231,蚙
B04232,蚡
B04233,蚧
B04234,蚕
B04235,蚿
B04236,蚷
B04237,蛂
B04238,蛁
B04239,蛅
B04240,蚺
B04241,蚰
B04242,蛈
B04243,蚹
B04244,蚳
B04245,蛉
B04246,蚸
B04247,蛌
B04248,蚴
B04249,蚻
B04250,蚼
B04251,蛘
B04252,蛢
B04253,蛦
B04254,蛓
B04255,蛣
B04256,蛚
B04257,蛪
B04258,蛝
B04259,蛐
B04260,蛞
B04261,蛫
B04262,蛜
B04263,蛬
B04264,蛩
B04265,蛗
B04266,蜋
B04267,蜄
B04268,蛷
B04269,蜌
B04270,蛺
B04271,蛖
B04272,蛵
B04273,蝍
B04274,蛸
B04275,蜆
B04276,蜎
B04277,蜉
B04278,蜁
B04279,蜊
B04280,蛶
B04281,蜍
B04282,蜳
B04283,蜷
B04284,蜣
B04285,蜨
B04286,蝫
B04287,蝀
B04288,蜮
B04289,蜞
B04290,蜡
B04291,蜙
B04292,蜛
B04293,蝃
B04294,蜬
B04295,蝁
B04296,蜾
B04297,蝆
B04298,蜠
B04299,蜲
B04300,蜩
B04301,蜪
B04302,蜭
B04303,蜼
B04304,蜒
B04305,蜺
B04306,蜱
B04307,蜵
B04308,蝂
B04309,蜦
B04310,蜧
B04311,蜸
B04312,蜤
B04313,蜚
B04314,蜰
B04315,蜑
B04316,蝖
B04317,蝣
B04318,蝤
B04319,蝷
B04320,蟡
B04321,蝳
B04322,蝘
B04323,蝔
B04324,蝛
B04325,蝒
B04326,蝡
B04327,蝚
B04328,蝑
B04329,蝞
B04330,蝭
B04331,蝪
B04332,蝐
B04333,蝎
B04334,蝟
B04335,蝝
B04336,蝯
B04337,蝬
B04338,蝓
B04339,蝺
B04340,蝮
B04341,蝜
B04342,蝥
B04343,螛
B04344,螏
B04345,螗
B04346,螓
B04347,螒
B04348,螈
B04349,螁
B04350,螖
B04351,螘
B04352,蝹
B04353,螇
B04354,螣
B04355,螅
B04356,螐
B04357,螑
B04358,螝
B04359,螄
B04360,螔
B04361,螜
B04362,螚
B04363,螾
B04364,螪
B04365,螭
B04366,蟅
B04367,螰
B04368,螬
B04369,螹
B04370,螵
B04371,螼
B04372,螮
B04373,蟉
B04374,蟃
B04375,蟂
B04376,蟌
B04377,螷
B04378,螯
B04379,蟄
B04380,蟊
B04381,螴
B04382,螶
B04383,螿
B04384,螸
B04385,螽
B04386,蟞
B04387,蟧
B04388,蟦
B04389,蟢
B04390,蟛
B04391,蟫
B04392,蟪
B04393,蟥
B04394,蟟
B04395,蟳
B04396,蟤
B04397,蟔
B04398,蟠
B04399,蟜
B04400,蟓
B04401,蟭
B04402,蟘
B04403,蟣
B04404,斔
B04405,蟗
B04406,蟙
B04407,蠁
B04408,蟴
B04409,蟨
B04410,蠀
B04411,蟺
B04412,蠃
B04413,蟶
B04414,蟷
B04415,蠉
B04416,蠌
B04417,蠋
B04418,蟾
B04419,蠆
B04420,蟼
B04421,蠈
B04422,蟿
B04423,蠙
B04424,蠐
B04425,蠑
B04426,蠗
B04427,蠓
B04428,蠖
B04429,蠩
B04430,蠝
B04431,蠛
B04432,蠠
B04433,蠤
B04434,蠜
B04435,蠫
B04436,蠬
B04437,蠨
B04438,蠦
B04439,蠪
B04440,蠥
B04441,蠰
B04442,蠲
B04443,蠮
B04444,蠳
B04445,蠸
B04446,蠷
B04447,蠵
B04448,蠼
B04449,蠾
B04450,蠽
B04451,蠿
B04452,衁
B04453,衃
B04454,衄
B04455,衈
B04456,衊
B04457,衋
B04458,衎
B04459,衒
B04460,衖
B04461,衕
B04462,衚
B04463,衧
B04464,衪
B04465,衩
B04466,衭
B04467,衽
B04468,衵
B04469,衶
B04470,衲
B04471,袀
B04472,衱
B04473,衹
B04474,衿
B04475,衯
B04476,袃
B04477,衾
B04478,袉
B04479,袕
B04480,袨
B04481,袢
B04482,袪
B04483,袚
B04484,袑
B04485,袡
B04486,袟
B04487,袘
B04488,袧
B04489,袙
B04490,袛
B04491,袗
B04492,袤
B04493,袬
B04494,袌
B04495,袺
B04496,裗
B04497,袹
B04498,袸
B04499,裀
B04500,袾
B04501,袶
B04502,袼
B04503,袷
B04504,袽
B04505,袲
B04506,裖
B04507,裋
B04508,裍
B04509,裎
B04510,裞
B04511,裛
B04512,裒
B04513,裚
B04514,裷
B04515,裧
B04516,裱
B04517,裲
B04518,裺
B04519,裾
B04520,裮
B04521,裼
B04522,裶
B04523,裯
B04524,裻
B04525,褁
B04526,褅
B04527,褌
B04528,褔
B04529,褋
B04530,褗
B04531,褘
B04532,褙
B04533,褆
B04534,褖
B04535,褑
B04536,褕
B04537,褊
B04538,褎
B04539,褡
B04540,褞
B04541,褦
B04542,褰
B04543,褭
B04544,褮
B04545,褧
B04546,褱
B04547,褢
B04548,褩
B04549,褵
B04550,褳
B04551,褼
B04552,褾
B04553,襁
B04554,襒
B04555,褷
B04556,襂
B04557,褽
B04558,襓
B04559,襋
B04560,襏
B04561,襌
B04562,襆
B04563,襐
B04564,襢
B04565,襚
B04566,襛
B04567,襗
B04568,襡
B04569,襜
B04570,襘
B04571,襝
B04572,襞
B04573,襣
B04574,襦
B04575,襭
B04576,襩
B04577,襮
B04578,襬
B04579,襶
B04580,襴
B04581,襳
B04582,襹
B04583,襺
B04584,襾
B04585,覂
B04586,覅
B04587,覈
B04588,覕
B04589,覘
B04590,覜
B04591,覛
B04592,覝
B04593,覡
B04594,覢
B04595,覤
B04596,覣
B04597,覭
B04598,覯
B04599,覮
B04600,覷
B04601,覶
B04602,覿
B04603,觔
B04604,觓
B04605,觖
B04606,觙
B04607,觕
B04608,觝
B04609,觚
B04610,觟
B04611,觥
B04612,觤
B04613,觡
B04614,觠
B04615,觢
B04616,觜
B04617,觩
B04618,觫
B04619,觭
B04620,觰
B04621,觬
B04622,觱
B04623,觲
B04624,觳
B04625,觶
B04626,觷
B04627,觺
B04628,觻
B04629,觼
B04630,觾
B04631,觿
B04632,訄
B04633,訇
B04634,訏
B04635,訒
B04636,訑
B04637,訰
B04638,訧
B04639,訬
B04640,訞
B04641,訢
B04642,詎
B04643,詍
B04644,訶
B04645,訹
B04646,詙
B04647,詖
B04648,詀
B04649,詗
B04650,詘
B04651,詄
B04652,詅
B04653,詒
B04654,詈
B04655,詶
B04656,誆
B04657,詿
B04658,詡
B04659,訿
B04660,詷
B04661,誂
B04662,誄
B04663,詵
B04664,詻
B04665,誃
B04666,訾
B04667,誫
B04668,誙
B04669,誋
B04670,誚
B04671,誒
B04672,誶
B04673,諏
B04674,諆
B04675,誸
B04676,諓
B04677,諑
B04678,諔
B04679,諕
B04680,誻
B04681,誹
B04682,諗
B04683,誾
B04684,諛
B04685,諀
B04686,諅
B04687,諠
B04688,諳
B04689,諢
B04690,諲
B04691,諶
B04692,諴
B04693,諵
B04694,諝
B04695,謔
B04696,諤
B04697,諟
B04698,諰
B04699,諼
B04700,諈
B04701,諞
B04702,諡
B04703,謞
B04704,謐
B04705,謘
B04706,謖
B04707,謑
B04708,謅
B04709,謋
B04710,謢
B04711,謏
B04712,謒
B04713,謕
B04714,謇
B04715,謍
B04716,謈
B04717,謫
B04718,謪
B04719,謧
B04720,謣
B04721,謳
B04722,謰
B04723,謵
B04724,譇
B04725,謯
B04726,謼
B04727,謾
B04728,謱
B04729,謥
B04730,謷
B04731,謦
B04732,譐
B04733,譈
B04734,譊
B04735,譆
B04736,譀
B04737,譓
B04738,譖
B04739,譔
B04740,譋
B04741,譕
B04742,譑
B04743,譙
B04744,譠
B04745,譪
B04746,譝
B04747,譨
B04748,譟
B04749,譣
B04750,譥
B04751,譹
B04752,譸
B04753,譅
B04754,譺
B04755,譻
B04756,譾
B04757,讄
B04758,讂
B04759,讆
B04760,讌
B04761,讎
B04762,讋
B04763,讔
B04764,讕
B04765,讘
B04766,讙
B04767,讜
B04768,讞
B04769,讟
B04770,谹
B04771,谻
B04772,谼
B04773,谽
B04774,谾
B04775,豃
B04776,豇
B04777,豋
B04778,豍
B04779,豏
B04780,豗
B04781,豜
B04782,豝
B04783,豟
B04784,豥
B04785,豤
B04786,豦
B04787,豨
B04788,豭
B04789,豰
B04790,豲
B04791,豳
B04792,豱
B04793,豯
B04794,豵
B04795,豷
B04796,豶
B04797,豸
B04798,豻
B04799,豽
B04800,貁
B04801,貀
B04802,貆
B04803,貄
B04804,貅
B04805,貏
B04806,貑
B04807,貒
B04808,貕
B04809,貔
B04810,貙
B04811,貘
B04812,貗
B04813,貜
B04814,貤
B04815,貣
B04816,貺
B04817,貾
B04818,貰
B04819,賌
B04820,賕
B04821,賥
B04822,賟
B04823,賙
B04824,賨
B04825,賡
B04826,賚
B04827,賵
B04828,賮
B04829,賸
B04830,賻
B04831,賾
B04832,贄
B04833,贆
B04834,贇
B04835,贐
B04836,贔
B04837,贕
B04838,贙
B04839,赨
B04840,赩
B04841,赬
B04842,赮
B04843,赶
B04844,赸
B04845,趄
B04846,趀
B04847,趑
B04848,趌
B04849,趎
B04850,趏
B04851,趍
B04852,趓
B04853,趠
B04854,趜
B04855,趡
B04856,趥
B04857,趧
B04858,趬
B04859,趪
B04860,趭
B04861,趫
B04862,趮
B04863,趯
B04864,趲
B04865,趵
B04866,趷
B04867,趼
B04868,趺
B04869,跂
B04870,趹
B04871,趿
B04872,跘
B04873,跓
B04874,跍
B04875,跇
B04876,跖
B04877,跜
B04878,跏
B04879,跕
B04880,跙
B04881,跈
B04882,跗
B04883,跅
B04884,跤
B04885,跰
B04886,跠
B04887,跬
B04888,跱
B04889,跮
B04890,跐
B04891,跩
B04892,跦
B04893,跣
B04894,跢
B04895,跧
B04896,跲
B04897,跫
B04898,踉
B04899,踂
B04900,跿
B04901,踍
B04902,跽
B04903,踊
B04904,踃
B04905,踇
B04906,踆
B04907,踅
B04908,跾
B04909,踠
B04910,踣
B04911,踥
B04912,踤
B04913,踮
B04914,踡
B04915,踕
B04916,踛
B04917,踖
B04918,踑
B04919,踙
B04920,踦
B04921,踞
B04922,踧
B04923,踔
B04924,踒
B04925,踘
B04926,踓
B04927,踳
B04928,踾
B04929,踸
B04930,蹀
B04931,蹅
B04932,踶
B04933,踼
B04934,踽
B04935,蹁
B04936,踰
B04937,蹎
B04938,蹍
B04939,蹓
B04940,蹐
B04941,蹌
B04942,蹇
B04943,蹜
B04944,蹢
B04945,蹠
B04946,蹗
B04947,蹟
B04948,蹖
B04949,蹞
B04950,蹥
B04951,蹧
B04952,蹛
B04953,蹚
B04954,蹕
B04955,蹡
B04956,蹝
B04957,蹩
B04958,蹔
B04959,蹴
B04960,蹭
B04961,蹸
B04962,蹳
B04963,蹪
B04964,蹯
B04965,蹻
B04966,躆
B04967,躈
B04968,躄
B04969,躋
B04970,躕
B04971,躔
B04972,躚
B04973,躒
B04974,躓
B04975,躐
B04976,躖
B04977,躗
B04978,躞
B04979,躟
B04980,躠
B04981,躥
B04982,躤
B04983,躣
B04984,躦
B04985,躩
B04986,躨
B04987,躽
B04988,軏
B04989,軑
B04990,軓
B04991,軘
B04992,軞
B04993,軝
B04994,軯
B04995,軷
B04996,軺
B04997,軹
B04998,軦
B04999,軮
B05000,軥
B05001,軵
B05002,軧
B05003,軨
B05004,軶
B05005,軫
B05006,軱
B05007,軬
B05008,輆
B05009,軿
B05010,輁
B05011,輀
B05012,輅
B05013,輇
B05014,輈
B05015,輂
B05016,輋
B05017,輐
B05018,輑
B05019,輬
B05020,輤
B05021,輘
B05022,輚
B05023,輞
B05024,輠
B05025,輥
B05026,輣
B05027,輖
B05028,輗
B05029,輶
B05030,輳
B05031,輮
B05032,輵
B05033,輲
B05034,輹
B05035,輷
B05036,輴
B05037,轃
B05038,轀
B05039,轆
B05040,轇
B05041,轈
B05042,轒
B05043,轑
B05044,轏
B05045,轐
B05046,轓
B05047,轙
B05048,轖
B05049,轗
B05050,轕
B05051,轘
B05052,轚
B05053,轞
B05054,轛
B05055,轝
B05056,轠
B05057,轢
B05058,轤
B05059,辴
B05060,迉
B05061,迒
B05062,迋
B05063,迓
B05064,迍
B05065,迖
B05066,迕
B05067,迣
B05068,迡
B05069,迤
B05070,迮
B05071,迨
B05072,迸
B05073,迾
B05074,迵
B05075,适
B05076,迿
B05077,迻
B05078,逄
B05079,逤
B05080,逭
B05081,逋
B05082,逑
B05083,逜
B05084,逌
B05085,逡
B05086,逴
B05087,逯
B05088,逶
B05089,遒
B05090,逿
B05091,遄
B05092,遢
B05093,遝
B05094,遛
B05095,遳
B05096,遰
B05097,遯
B05098,遶
B05099,遹
B05100,遻
B05101,邅
B05102,邆
B05103,遾
B05104,邃
B05105,邈
B05106,邋
B05107,邍
B05108,邙
B05109,邗
B05110,邘
B05111,邛
B05112,邔
B05113,邟
B05114,邡
B05115,邥
B05116,邞
B05117,邧
B05118,邠
B05119,邲
B05120,邴
B05121,邶
B05122,邯
B05123,邳
B05124,邰
B05125,郱
B05126,邽
B05127,邿
B05128,郕
B05129,郅
B05130,邾
B05131,郇
B05132,郋
B05133,郃
B05134,郈
B05135,郖
B05136,郠
B05137,郙
B05138,郚
B05139,郣
B05140,郝
B05141,郟
B05142,郥
B05143,郢
B05144,郘
B05145,郛
B05146,郗
B05147,郜
B05148,郤
B05149,郯
B05150,郪
B05151,郰
B05152,郴
B05153,郲
B05154,郳
B05155,郔
B05156,郫
B05157,鄆
B05158,鄬
B05159,鄄
B05160,郾
B05161,郿
B05162,郼
B05163,鄈
B05164,郹
B05165,郻
B05166,鄁
B05167,鄀
B05168,鄇
B05169,鄅
B05170,鄃
B05171,郺
B05172,鄗
B05173,鄐
B05174,鄍
B05175,鄏
B05176,鄑
B05177,鄖
B05178,鄔
B05179,鄋
B05180,鄎
B05181,鄣
B05182,鄘
B05183,鄜
B05184,鄠
B05185,鄢
B05186,鄟
B05187,鄞
B05188,鄝
B05189,鄚
B05190,鄤
B05191,鄡
B05192,鄛
B05193,鄨
B05194,鄯
B05195,鄫
B05196,鄩
B05197,鄪
B05198,鄲
B05199,鄦
B05200,鄮
B05201,鄳
B05202,鄵
B05203,鄴
B05204,鄶
B05205,鄸
B05206,鄺
B05207,鄻
B05208,鄾
B05209,酀
B05210,酃
B05211,酁
B05212,酆
B05213,酄
B05214,酅
B05215,酈
B05216,酇
B05217,酐
B05218,酎
B05219,酏
B05220,酖
B05221,酘
B05222,酚
B05223,酓
B05224,酡
B05225,酤
B05226,酟
B05227,酢
B05228,酮
B05229,酯
B05230,酺
B05231,酲
B05232,酹
B05233,酴
B05234,酳
B05235,醅
B05236,醆
B05237,醊
B05238,醁
B05239,醓
B05240,醐
B05241,醑
B05242,醍
B05243,醚
B05244,醢
B05245,醛
B05246,醙
B05247,醟
B05248,醨
B05249,醥
B05250,醧
B05251,醯
B05252,醪
B05253,醰
B05254,醱
B05255,醭
B05256,醮
B05257,醷
B05258,醵
B05259,醴
B05260,醲
B05261,醳
B05262,醹
B05263,醼
B05264,醾
B05265,醽
B05266,釂
B05267,釃
B05268,釅
B05269,釆
B05270,釔
B05271,釕
B05272,釙
B05273,釢
B05274,釬
B05275,釭
B05276,釴
B05277,釱
B05278,釳
B05279,釩
B05280,釸
B05281,釤
B05282,釹
B05283,鈁
B05284,鈊
B05285,鈥
B05286,鈇
B05287,鈃
B05288,鈚
B05289,鈦
B05290,鈏
B05291,鈌
B05292,鈀
B05293,鈒
B05294,釿
B05295,鈑
B05296,釽
B05297,鈆
B05298,鉈
B05299,鉒
B05300,鈰
B05301,鉉
B05302,鉍
B05303,鈺
B05304,鉦
B05305,鉅
B05306,鈳
B05307,鉥
B05308,鉞
B05309,銃
B05310,鈮
B05311,鉊
B05312,鈹
B05313,鉆
B05314,鉭
B05315,鉬
B05316,鉏
B05317,鈿
B05318,鉠
B05319,鉧
B05320,鉯
B05321,鉚
B05322,鈶
B05323,銨
B05324,銥
B05325,鉼
B05326,銤
B05327,鉶
B05328,銛
B05329,鉺
B05330,銠
B05331,銔
B05332,銪
B05333,銍
B05334,銦
B05335,銚
B05336,銑
B05337,銫
B05338,鉹
B05339,銗
B05340,鉿
B05341,銣
B05342,鋮
B05343,銎
B05344,鋐
B05345,鋃
B05346,鋄
B05347,鋀
B05348,鋙
B05349,銶
B05350,鋏
B05351,鋱
B05352,鋟
B05353,鋘
B05354,鋩
B05355,鋇
B05356,鋰
B05357,銲
B05358,鋗
B05359,鋝
B05360,鋌
B05361,鋯
B05362,鋂
B05363,鋨
B05364,鋊
B05365,鋈
B05366,錧
B05367,錞
B05368,錈
B05369,錟
B05370,錆
B05371,錏
B05372,鍺
B05373,錡
B05374,錸
B05375,錼
B05376,錛
B05377,錣
B05378,錒
B05379,錕
B05380,錮
B05381,錁
B05382,鍆
B05383,錭
B05384,錎
B05385,錍
B05386,鋋
B05387,錙
B05388,鎡
B05389,鎃
B05390,鎯
B05391,鍤
B05392,鍖
B05393,鍇
B05394,鍼
B05395,鍘
B05396,鍜
B05397,鍶
B05398,鍉
B05399,鍚
B05400,鍔
B05401,鍐
B05402,鍑
B05403,鍠
B05404,鍭
B05405,鎏
B05406,鍌
B05407,鍪
B05408,鎵
B05409,鎬
B05410,鎰
B05411,鎌
B05412,鎒
B05413,鎷
B05414,鎘
B05415,鎛
B05416,鎝
B05417,鎉
B05418,鎧
B05419,鎎
B05420,鎪
B05421,鎚
B05422,鎞
B05423,鎦
B05424,鎗
B05425,鏞
B05426,鏇
B05427,鏏
B05428,鏂
B05429,鏚
B05430,鏐
B05431,鏹
B05432,鏬
B05433,鏌
B05434,鏙
B05435,鎩
B05436,鏦
B05437,鏊
B05438,鏨
B05439,鐋
B05440,鐓
B05441,鏻
B05442,鐠
B05443,鐏
B05444,鐔
B05445,鏾
B05446,鐕
B05447,鐐
B05448,鐨
B05449,鐙
B05450,鐍
B05451,鏵
B05452,鐀
B05453,鏷
B05454,鐇
B05455,鐎
B05456,鐖
B05457,鐿
B05458,鐻
B05459,鐶
B05460,鐫
B05461,鑌
B05462,鑐
B05463,鑊
B05464,鑋
B05465,鑢
B05466,鑕
B05467,鑪
B05468,鑫
B05469,鑮
B05470,鑭
B05471,鑯
B05472,鑱
B05473,鑷
B05474,鑴
B05475,钂
B05476,钀
B05477,钁
B05478,钃
B05479,镺
B05480,镻
B05481,镼
B05482,镽
B05483,閆
B05484,閈
B05485,閍
B05486,閌
B05487,閎
B05488,閟
B05489,閜
B05490,閞
B05491,閬
B05492,閫
B05493,閼
B05494,闍
B05495,閾
B05496,閹
B05497,閺
B05498,閶
B05499,閿
B05500,閵
B05501,閽
B05502,闇
B05503,闀
B05504,闉
B05505,闃
B05506,闅
B05507,閷
B05508,闕
B05509,闒
B05510,闓
B05511,闑
B05512,闚
B05513,闛
B05514,闞
B05515,闠
B05516,闟
B05517,闥
B05518,闤
B05519,阞
B05520,阢
B05521,阤
B05522,阠
B05523,阬
B05524,阰
B05525,阨
B05526,阯
B05527,阹
B05528,陂
B05529,阽
B05530,阼
B05531,阸
B05532,阺
B05533,陔
B05534,陏
B05535,陑
B05536,陓
B05537,陊
B05538,陜
B05539,陘
B05540,陟
B05541,陞
B05542,陬
B05543,陼
B05544,陭
B05545,陫
B05546,隇
B05547,陾
B05548,隄
B05549,隈
B05550,隉
B05551,隃
B05552,隒
B05553,隓
B05554,隑
B05555,隗
B05556,隞
B05557,隤
B05558,隩
B05559,隮
B05560,隰
B05561,隳
B05562,隹
B05563,隼
B05564,隿
B05565,雂
B05566,雈
B05567,雎
B05568,雊
B05569,雒
B05570,雓
B05571,雔
B05572,雗
B05573,雚
B05574,巂
B05575,雟
B05576,雘
B05577,雝
B05578,雩
B05579,雱
B05580,雰
B05581,雺
B05582,雽
B05583,雿
B05584,霅
B05585,霈
B05586,霂
B05587,霋
B05588,霒
B05589,霐
B05590,霠
B05591,霣
B05592,霢
B05593,霤
B05594,霩
B05595,霫
B05596,霮
B05597,霰
B05598,霵
B05599,霿
B05600,霬
B05601,靆
B05602,靃
B05603,靉
B05604,靚
B05605,靪
B05606,靬
B05607,靰
B05608,靮
B05609,靳
B05610,靷
B05611,靸
B05612,靲
B05613,靽
B05614,靺
B05615,靾
B05616,鞃
B05617,鞀
B05618,鞂
B05619,靻
B05620,鞄
B05621,鞊
B05622,鞎
B05623,鞈
B05624,鞙
B05625,鞗
B05626,鞔
B05627,鞚
B05628,鞡
B05629,鞜
B05630,鞞
B05631,鞬
B05632,鞮
B05633,鞨
B05634,鞫
B05635,鞤
B05636,鞪
B05637,鞳
B05638,鞷
B05639,鞶
B05640,鞹
B05641,鞻
B05642,鞿
B05643,韄
B05644,韅
B05645,韇
B05646,韉
B05647,韎
B05648,韍
B05649,韐
B05650,韏
B05651,韕
B05652,韔
B05653,韗
B05654,韙
B05655,韝
B05656,韞
B05657,韟
B05658,韡
B05659,韣
B05660,韥
B05661,韰
B05662,韱
B05663,韹
B05664,韽
B05665,頄
B05666,頇
B05667,頏
B05668,頍
B05669,頎
B05670,頖
B05671,頞
B05672,頝
B05673,頦
B05674,頩
B05675,頨
B05676,頫
B05677,頠
B05678,頜
B05679,頵
B05680,頯
B05681,頲
B05682,顁
B05683,顄
B05684,顊
B05685,顉
B05686,顅
B05687,顐
B05688,顑
B05689,顒
B05690,顜
B05691,顙
B05692,顝
B05693,顗
B05694,顠
B05695,顢
B05696,顣
B05697,顟
B05698,顤
B05699,顥
B05700,顪
B05701,顩
B05702,顲
B05703,顳
B05704,顴
B05705,颬
B05706,颭
B05707,颮
B05708,颲
B05709,颸
B05710,颿
B05711,颽
B05712,颻
B05713,颾
B05714,飁
B05715,飂
B05716,飉
B05717,飆
B05718,飋
B05719,飌
B05720,飣
B05721,飫
B05722,飶
B05723,餂
B05724,餀
B05725,餈
B05726,飺
B05727,餑
B05728,餔
B05729,餖
B05730,餗
B05731,餕
B05732,餤
B05733,餟
B05734,餚
B05735,餧
B05736,餥
B05737,餫
B05738,餬
B05739,餪
B05740,餳
B05741,餲
B05742,餯
B05743,餭
B05744,餱
B05745,餰
B05746,餮
B05747,饁
B05748,餼
B05749,饈
B05750,饇
B05751,饉
B05752,饃
B05753,饐
B05754,饎
B05755,饙
B05756,饌
B05757,饋
B05758,饗
B05759,饘
B05760,饔
B05761,饕
B05762,饛
B05763,饟
B05764,饡
B05765,馗
B05766,馘
B05767,馝
B05768,馣
B05769,馦
B05770,馯
B05771,馲
B05772,馰
B05773,馵
B05774,駃
B05775,馹
B05776,馻
B05777,馺
B05778,駂
B05779,馽
B05780,駜
B05781,駍
B05782,駏
B05783,駓
B05784,駔
B05785,駎
B05786,駉
B05787,駖
B05788,駘
B05789,駮
B05790,駬
B05791,駥
B05792,駤
B05793,駰
B05794,駣
B05795,駪
B05796,駩
B05797,騂
B05798,駺
B05799,駴
B05800,駷
B05801,駹
B05802,駸
B05803,駶
B05804,駻
B05805,駽
B05806,駾
B05807,駼
B05808,騃
B05809,騏
B05810,騋
B05811,騉
B05812,騍
B05813,騄
B05814,騑
B05815,騊
B05816,騅
B05817,騇
B05818,騚
B05819,騕
B05820,騥
B05821,騝
B05822,騤
B05823,騛
B05824,騢
B05825,騠
B05826,騧
B05827,騣
B05828,騞
B05829,騜
B05830,騵
B05831,騲
B05832,騴
B05833,騱
B05834,騬
B05835,騪
B05836,騶
B05837,騩
B05838,騮
B05839,騸
B05840,騭
B05841,騹
B05842,騽
B05843,驆
B05844,驄
B05845,驂
B05846,驁
B05847,騺
B05848,驎
B05849,驓
B05850,驍
B05851,驔
B05852,驌
B05853,驏
B05854,驈
B05855,驊
B05856,驉
B05857,驒
B05858,驖
B05859,驞
B05860,驠
B05861,驤
B05862,驦
B05863,驩
B05864,驨
B05865,驫
B05866,骭
B05867,骫
B05868,骹
B05869,骿
B05870,骴
B05871,骾
B05872,髁
B05873,髀
B05874,髂
B05875,髇
B05876,髊
B05877,髆
B05878,髍
B05879,髐
B05880,髑
B05881,髕
B05882,髖
B05883,髟
B05884,髡
B05885,髣
B05886,髧
B05887,髬
B05888,髫
B05889,髳
B05890,髲
B05891,髶
B05892,髺
B05893,髹
B05894,髾
B05895,髽
B05896,鬁
B05897,髼
B05898,鬈
B05899,鬄
B05900,鬅
B05901,鬋
B05902,鬊
B05903,鬎
B05904,鬌
B05905,鬐
B05906,鬒
B05907,鬕
B05908,鬗
B05909,鬘
B05910,鬖
B05911,鬙
B05912,鬞
B05913,鬟
B05914,鬠
B05915,鬣
B05916,鬤
B05917,鬩
B05918,鬫
B05919,鬮
B05920,鬯
B05921,鬳
B05922,鬵
B05923,鬷
B05924,鬺
B05925,鬻
B05926,鬾
B05927,鬿
B05928,魆
B05929,魃
B05930,魈
B05931,魊
B05932,魎
B05933,魌
B05934,魍
B05935,魋
B05936,魑
B05937,魖
B05938,魠
B05939,魡
B05940,魧
B05941,魴
B05942,魱
B05943,魦
B05944,魶
B05945,魵
B05946,鮀
B05947,鮅
B05948,鮇
B05949,魼
B05950,魾
B05951,魻
B05952,鮂
B05953,鮓
B05954,鮒
B05955,鮐
B05956,鮚
B05957,鮭
B05958,鮨
B05959,鮞
B05960,鮛
B05961,鮦
B05962,鮡
B05963,鮥
B05964,鮤
B05965,鮆
B05966,鯇
B05967,鯆
B05968,鯃
B05969,鮿
B05970,鯁
B05971,鮵
B05972,鮸
B05973,鯈
B05974,鯓
B05975,鯀
B05976,鯖
B05977,鯪
B05978,鯫
B05979,鯠
B05980,鯞
B05981,鯤
B05982,鯛
B05983,鯦
B05984,鯢
B05985,鯰
B05986,鯔
B05987,鯗
B05988,鯬
B05989,鰌
B05990,鰋
B05991,鰈
B05992,鯷
B05993,鰅
B05994,鰒
B05995,鯸
B05996,鱀
B05997,鰫
B05998,鰝
B05999,鰜
B06000,鰬
B06001,鰣
B06002,鰨
B06003,鰩
B06004,鱆
B06005,鱈
B06006,鰿
B06007,鱄
B06008,鰹
B06009,鰳
B06010,鱁
B06011,鰼
B06012,鰷
B06013,鰴
B06014,鰲
B06015,鱒
B06016,鱘
B06017,鱐
B06018,鱊
B06019,鱍
B06020,鱋
B06021,鱕
B06022,鱣
B06023,鱧
B06024,鱦
B06025,鱢
B06026,鱞
B06027,鱠
B06028,鱟
B06029,鱨
B06030,鱮
B06031,鱴
B06032,鱳
B06033,鱹
B06034,鱺
B06035,鳦
B06036,鳪
B06037,鳭
B06038,鳧
B06039,鳱
B06040,鳲
B06041,鳵
B06042,鳼
B06043,鳺
B06044,鳽
B06045,鳿
B06046,鳷
B06047,鴇
B06048,鴀
B06049,鳹
B06050,鳻
B06051,鴈
B06052,鴅
B06053,鴃
B06054,鴥
B06055,鴗
B06056,鴠
B06057,鴞
B06058,鴔
B06059,鴩
B06060,鴝
B06061,鴘
B06062,鴢
B06063,鴐
B06064,鴳
B06065,鵁
B06066,鵧
B06067,鴶
B06068,鴮
B06069,鴯
B06070,鴱
B06071,鴸
B06072,鴰
B06073,鵅
B06074,鵂
B06075,鵃
B06076,鴾
B06077,鴷
B06078,鵀
B06079,鴽
B06080,鵜
B06081,鵓
B06082,鵏
B06083,鵊
B06084,鵛
B06085,鵋
B06086,鵙
B06087,鵖
B06088,鵌
B06089,鵗
B06090,鵒
B06091,鵔
B06092,鵟
B06093,鵷
B06094,鶁
B06095,鶊
B06096,鶄
B06097,鶈
B06098,鵱
B06099,鶀
B06100,鵸
B06101,鶆
B06102,鶋
B06103,鶌
B06104,鵽
B06105,鵫
B06106,鵴
B06107,鵵
B06108,鵰
B06109,鵩
B06110,鶅
B06111,鵳
B06112,鵻
B06113,鶂
B06114,鵯
B06115,鵹
B06116,鶟
B06117,鶙
B06118,鶤
B06119,鶝
B06120,鶒
B06121,鶘
B06122,鶐
B06123,鶛
B06124,鶠
B06125,鶔
B06126,鶜
B06127,鶪
B06128,鶗
B06129,鶡
B06130,鶚
B06131,鶢
B06132,鶨
B06133,鶞
B06134,鶣
B06135,鶿
B06136,鶩
B06137,鶖
B06138,鶷
B06139,鶶
B06140,鶼
B06141,鷁
B06142,鷇
B06143,鷊
B06144,鷏
B06145,鶾
B06146,鷅
B06147,鷃
B06148,鶻
B06149,鶵
B06150,鷎
B06151,鶹
B06152,鶺
B06153,鶬
B06154,鷈
B06155,鶱
B06156,鶭
B06157,鷛
B06158,鷒
B06159,鷞
B06160,鷚
B06161,鷋
B06162,鷐
B06163,鷜
B06164,鷑
B06165,鷟
B06166,鷩
B06167,鷙
B06168,鷘
B06169,鷖
B06170,鷵
B06171,鷕
B06172,鷻
B06173,鷷
B06174,鷯
B06175,鷣
B06176,鷫
B06177,鷸
B06178,鷤
B06179,鷶
B06180,鷡
B06181,鷮
B06182,鷦
B06183,鷲
B06184,鷰
B06185,鷢
B06186,鸂
B06187,鷾
B06188,鸇
B06189,鸃
B06190,鸆
B06191,鸅
B06192,鸀
B06193,鸁
B06194,鸉
B06195,鷿
B06196,鷽
B06197,鸄
B06198,鸋
B06199,鸍
B06200,鸐
B06201,鸏
B06202,鸔
B06203,鸒
B06204,鸑
B06205,鸓
B06206,鸕
B06207,鸗
B06208,鸙
B06209,鸛
B06210,鸝
B06211,鹵
B06212,鹺
B06213,麀
B06214,麃
B06215,麈
B06216,麆
B06217,麇
B06218,麊
B06219,麉
B06220,麎
B06221,麌
B06222,麔
B06223,麑
B06224,麙
B06225,麛
B06226,麚
B06227,麜
B06228,麠
B06229,麡
B06230,麤
B06231,麧
B06232,麮
B06233,麰
B06234,麶
B06235,麷
B06236,黀
B06237,黂
B06238,黈
B06239,黌
B06240,黐
B06241,黓
B06242,黕
B06243,黖
B06244,黚
B06245,黟
B06246,黥
B06247,黤
B06248,黧
B06249,黫
B06250,黮
B06251,黭
B06252,黰
B06253,黲
B06254,黳
B06255,黵
B06256,黶
B06257,黹
B06258,黺
B06259,黻
B06260,黼
B06261,黽
B06262,黿
B06263,鼁
B06264,鼀
B06265,鼆
B06266,鼉
B06267,鼊
B06268,鼏
B06269,鼐
B06270,鼒
B06271,鼖
B06272,鼛
B06273,鼘
B06274,鼜
B06275,鼤
B06276,鼣
B06277,鼢
B06278,鼥
B06279,鼫
B06280,鼪
B06281,鼩
B06282,鼨
B06283,鼭
B06284,鼯
B06285,鼰
B06286,鼮
B06287,鼱
B06288,鼵
B06289,鼳
B06290,鼲
B06291,鼸
B06292,鼷
B06293,鼶
B06294,鼽
B06295,齀
B06296,齁
B06297,齂
B06298,齃
B06299,齇
B06300,齉
B06301,齌
B06302,齍
B06303,齎
B06304,齏
B06305,齔
B06306,齕
B06307,齖
B06308,齗
B06309,齘
B06310,齛
B06311,齠
B06312,齞
B06313,齝
B06314,齥
B06315,齤
B06316,齧
B06317,齫
B06318,齱
B06319,齰
B06320,齮
B06321,齯
B06322,齴
B06323,齵
B06324,齶
B06325,齸
B06326,齻
B06327,齺
B06328,齹
B06329,齾
B06330,龒
B06331,龕
B06332,龠
B06333,龢
B06334,龤
B06335,兙
B06336,兛
B06337,兞
B06338,兝
B06339,兡
B06340,兣
B06341,嗧
B06342,瓩
B06343,糎
